编号,调查条目,注例,词1音,词1备注,词2音,词2备注,词3音,词3备注
0001,太阳,～下山了,ha31no44,,,,,
0002,月亮,～出来了,kun22la44,,,,,
0003,星星,,l̥in44tei35,,,,,
0004,云,,hau44,,,,,
0005,风,,kji35,,,,,
0006,台风,,（无）,,,,,
0007,闪电,名词,io31i22,,,,,
0008,雷,,kuŋ35kwaŋ31,,,,,
0009,雨,,luŋ44ŋa31,,,,,
0010,下雨,,to31luŋ44ŋa31,,,,,
0011,淋,衣服被雨～湿了,lin13,,,,,
0012,晒,～粮食,sa53,,,,,
0013,雪,,mo35,,,,,
0014,冰,,（无）,,,,,
0015,冰雹,,lou44pa44,,,,,
0016,霜,,suŋ44,,,,,
0017,雾,,hau44,,,,,
0018,露,,thou35ŋ44,,,,,
0019,虹,统称,ljaŋ13ho22ŋ44,,,,,
0020,日食,,（无）,,,,,
0021,月食,,kou31naŋ13kun35la35,,,,,
0022,天气,,no44juŋ31,,,,,
0023,晴,天～,lɔŋ31 ,,,,,
0024,阴,天～,in44,,,,,
0025,旱,天～,hu22,,,,,
0026,涝,天～,（无）,,,,,
0027,天亮,,ŋo13kwən22,,,,,
0028,水田,,lin13,,,,,
0029,旱地,浇不上水的耕地,lo31 ,,,,,
0030,田埂,,lin13khou44,,,,,
0031,路,野外的,kou31,,,,,
0032,山,,kuŋ13,,,,,
0033,山谷,,（无）,,,,,
0034,江,大的河,haŋ31,,,,,
0035,溪,小的河,（无）,,,,,
0036,水沟儿,较小的水道,tsun53,,,,,
0037,湖,,fu13,,,,,
0038,池塘,,ŋ44tuŋ13,,,,,
0039,水坑儿,地面上有积水的小洼儿,ŋ44tuŋ13,,,,,
0040,洪水,,fo53ŋ44,,,,,
0041,淹,被水～了,in53,,,,,
0042,河岸,,ŋu31,,,,,
0043,坝,拦河修筑拦水的,（无）,,,,,
0044,地震,,（无）,,,,,
0045,窟窿,小的,khan31,,,,,
0046,缝儿,统称,haŋ31,,,,,
0047,石头,统称,ha22y44,,,,,
0048,土,统称,lo13,,,,,
0049,泥,湿的,lo13,,,,,
0050,水泥,旧称,（无）,,,,,
0051,沙子,,so44tei35,,,,,
0052,砖,整块的,tɕə22,,,,,
0053,瓦,整块的,ŋo31,,,,,
0054,煤,,my13,,,,,
0055,煤油,,（无）,,,,,
0056,炭,木炭,to22,,,,,
0057,灰,烧成的,ʦho31,,,,,
0058,灰尘,桌面上的,（无）,,,,,
0059,火,,tʊ22,,,,,
0060,烟,烧火形成的,in44,,,,,
0061,失火,,（无）,,,,,
0062,水,,ŋ44,,,,,
0063,凉水,,thei22ŋ44,,,,,
0064,热水,如洗脸的热水，不是指喝的开水,khu44ŋ44,,,,,
0065,开水,喝的,mu35ŋ44,,,,,
0066,磁铁,,（无）,,,,,
0067,时候,吃饭的～,sji13ho31,,,,,
0068,什么时候,,si22kə44ti22sji13ho31,,,,,
0069,现在,,kjin53no31,,,,,
0070,以前,十年～,nən31no31,,,,,
0071,以后,十年～,ko35kən44,,,,,
0072,一辈子,,iə22sə53,,,,,
0073,今年,,nə22tjuŋ35,,,,,
0074,明年,,naŋ35tjuŋ35,,,,,
0075,后年,,ho31tjuŋ35,,,,,
0076,去年,,i53mə31tjuŋ35,,,,,
0077,前年,,tjuŋ35ȵi22,,,,,
0078,往年,过去的年份,pjaŋ31tjuŋ35,,,,,
0079,年初,,（无）,,,,,
0080,年底,,（无）,,,,,
0081,今天,,nə22no44,,,,,
0082,明天,,l̥a44no44,,,,,
0083,后天,,ŋ35no44,,,,,
0084,大后天,,ho31no44,,,,,
0085,昨天,,i53mə31no44,,,,,
0086,前天,,no44ȵi22,,,,,
0087,大前天,,so53no44ȵi22,,,,,
0088,整天,,tin35no44,,,,,
0089,每天,,mui31no44,,,,,
0090,早晨,,ka31thaŋ13,,,,,
0091,上午,,suŋ44nən22no44,,,,,
0092,中午,,nən31no44,,,,,
0093,下午,,io31py22,,,,,
0094,傍晚,,taŋ13io53,,,,,
0095,白天,,taŋ13no44,,,,,
0096,夜晚,与白天相对，统称,taŋ13io53,,,,,
0097,半夜,,nən22io53,,,,,
0098,正月,农历,tsən44ŋjy22,,,,,
0099,大年初一,农历,ta31nə13tshu44y53ho13,,,,,
0100,元宵节,,（无）,,,,,
0101,清明,,thən22məŋ13,,,,,
0102,端午,,（无）,,,,,
0103,七月十五,农历，节日名,thaŋ53ŋjy31puŋ53,,,,,
0104,中秋,,（无）,,,,,
0105,冬至,,taŋ44tɕi53,,,,,
0106,腊月,农历十二月,（无）,,,,,
0107,除夕,农历,ta22nə13l̥u44ɕy22,,,,,
0108,历书,,ly31pən44,,,,,
0109,阴历,,（无）,,,,,
0110,阳历,,（无）,,,,,
0111,星期天,,l̥əŋ31kji13no44,,,,,
0112,地方,,ti13huŋ44,,,,,
0113,什么地方,,sji22kə44ti22ti13huŋ44,,,,,
0114,家里,,kə22py53,,,,,
0115,城里,,（无）,,,,,
0116,乡下,,（无）,,,,,
0117,上面,从～滚下来,ha22ka53,,,,,
0118,下面,从～爬上去,kə22tə35,,,,,
0119,左边,,tʊ53phə35,,,,,
0120,右边,,iou22phei35,,,,,
0121,中间,排队排在～,ka53ȵaŋ44,,,,,
0122,前面,排队排在～,nən22mo22,,,,,
0123,后面,排队排在～,ko35kən44,,,,,
0124,末尾,排队排在～,kə22tə22,,,,,
0125,对面,,ty53mo22,,,,,
0126,面前,,nən22mo22,,,,,
0127,背后,,ko35kən44,,,,,
0128,里面,躲在～,ku44ku31,,,,,
0129,外面,衣服晒在～,kə44no13,,,,,
0130,旁边,,u44sʊ53,,,,,
0131,上,碗在桌子～,ha22ka53,,,,,
0132,下,凳子在桌子～,kə22tə53,,,,,
0133,边儿,桌子的～,iə13phə35,,,,,
0134,角儿,桌子的～,ko53,,,,,
0135,上去,他～了,ly35təŋ13,,,,,
0136,下来,他～了,ŋa31to13,,,,,
0137,进去,他～了,puŋ31təŋ13,,,,,
0138,出来,他～了,təŋ35to35,,,,,
0139,出去,他～了,taŋ35təŋ13,,,,,
0140,回来,他～了,lu22py22,,,,,
0141,起来,天冷～了,ka31to13,,,,,
0142,树,,fo44,,,,,
0143,木头,,fo44,,,,,
0144,松树,统称,thaŋ44ɕy31,,,,,
0145,柏树,统称,ky44fo44,,,,,
0146,杉树,,fo44kjin44,,,,,
0147,柳树,,（无）,,,,,
0148,竹子,统称,pi44,,,,,
0149,笋,,mja31,,,,,
0150,叶子,,mjuŋ13,,,,,
0151,花,,pən13,,,,,
0152,花蕾,花骨朵,（无）,,,,,
0153,梅花,,（无）,,,,,
0154,牡丹,,（无）,,,,,
0155,荷花,,（无）,,,,,
0156,草,,thou35,,,,,
0157,藤,,fə44,,,,,
0158,刺,名词,thau31,,,,,
0159,水果,,（无）,,,,,
0160,苹果,,（无）,,,,,
0161,桃子,,pə44kwei13,,,,,
0162,梨,,pi22,,,,,
0163,李子,,pi22to44,,,,,
0164,杏,,（无）,,,,,
0165,橘子,,（无）,,,,,
0166,柚子,,pə22ky53,,,,,
0167,柿子,,taŋ44pi44,,,,,
0168,石榴,,（无）,,,,,
0169,枣,,（无）,,,,,
0170,栗子,,（无）,,,,,
0171,核桃,,（无）,,,,,
0172,银杏,白果,（无）,,,,,
0173,甘蔗,,（无）,,,,,
0174,木耳,,ŋou44,,,,,
0175,蘑菇,野生的,ŋou44,,,,,
0176,香菇,,nən44ŋou44,,,,,
0177,稻子,指植物,（无）,,,,,
0178,稻谷,指子实（脱粒后是大米）,pui22,,,,,
0179,稻草,脱粒后的,ŋei22,,,,,
0180,大麦,指植物,（无）,,,,,
0181,小麦,指植物,l̥ə53ŋei22,,,,,
0182,麦秸,脱粒后的,（无）,,,,,
0183,谷子,指植物(子实脱粒后是小米),a53nuŋ13,,,,,
0184,高粱,指植物,ko44ljʊ13,,,,,
0185,玉米,指成株的植物,ta31to31,,,,,
0186,棉花,指植物,min13fo44,,,,,
0187,油菜,油料作物，不是蔬菜,（无）,,,,,
0188,芝麻,,iou13mo13,,,,,
0189,向日葵,指植物,ha22no44pən13,,,,,
0190,蚕豆,,（无）,,,,,
0191,豌豆,,（无）,,,,,
0192,花生,指果实，注意婉称,lou22to31sə44,,,,,
0193,黄豆,,kji13pə22to31,,,,,
0194,绿豆,,（无）,,,,,
0195,豇豆,长条形的,nou44pə22to31,,,,,
0196,大白菜,东北～,（无）,,,,,
0197,包心菜,卷心菜，圆白菜，球形的,（无）,,,,,
0198,菠菜,,（无）,,,,,
0199,芹菜,,（无）,,,,,
0200,莴笋,,（无）,,,,,
0201,韭菜,,hai13io44,,,,,
0202,香菜,芫荽,nən44io44,,,,,
0203,葱,,thaŋ44,,,,,
0204,蒜,,l̥ən53,,,,,
0205,姜,,sən22,,,,,
0206,洋葱,,（无）,,,,,
0207,辣椒,统称,kuŋ31tiu44,,,,,
0208,茄子,统称,pə31tɕio13,,,,,
0209,西红柿,,jaŋ13kuŋ22tiu44,,,,,
0210,萝卜,统称,pi31pa31,,,,,
0211,胡萝卜,,（无）,,,,,
0212,黄瓜,,pə22kwa44,,,,,
0213,丝瓜,无棱的,l̥ə44tuŋ31,,,,,
0214,南瓜,扁圆形或梨形，成熟时赤褐色,kjin44ko44,,,,,
0215,荸荠,,tɕjuŋ44ku44,,,,,
0216,红薯,统称,taŋ13sau13,,,,,
0217,马铃薯,,ma53lin22ɕy13,,,,,
0218,芋头,,vy31,,,,,
0219,山药,圆柱形的,（无）,,,,,
0220,藕,,（无）,,,,,
0221,老虎,,pa44tsu22,,,,,
0222,猴子,,ŋə44tiu44,,,,,
0223,蛇,统称,ȵi44,,,,,
0224,老鼠,家里的,ȵi22kjo31,,,,,
0225,蝙蝠,,ia22ia22iau35,,,,,
0226,鸟儿,飞鸟，统称,nuŋ31,,,,,
0227,麻雀,,（无）,,,,,
0228,喜鹊,,o44tsho22,,,,,
0229,乌鸦,,lau13ou44,,,,,
0230,鸽子,,（无）,,,,,
0231,翅膀,鸟的，统称,kə44ta53,,,,,
0232,爪子,鸟的，统称,tso13,,,,,
0233,尾巴,,kə44tə22,,,,,
0234,窝,鸟的,vy22,,,,,
0235,虫子,统称,kən44to44,,,,,
0236,蝴蝶,统称,fji44ho44,,,,,
0237,蜻蜓,统称,mau44ku44,,,,,
0238,蜜蜂,,tuŋ22kən44,,,,,
0239,蜂蜜,,tuŋ22kən44tuŋ35,,,,,
0240,知了,统称,lu31kən44,,,,,
0241,蚂蚁,,kən44phə22,,,,,
0242,蚯蚓,,kji13kjaŋ44,,,,,
0243,蚕,,（无）,,,,,
0244,蜘蛛,会结网的,pa22l̥ei44,,,,,
0245,蚊子,统称,kən44lə35,,,,,
0246,苍蝇,统称,kən44lə35,,,,,
0247,跳蚤,咬人的,kə44tuŋ44,,,,,
0248,虱子,,ma53tu22,,,,,
0249,鱼,,my22,,,,,
0250,鲤鱼,,li22my22,,,,,
0251,鳙鱼,胖头鱼,（无）,,,,,
0252,鲫鱼,,（无）,,,,,
0253,甲鱼,,（无）,,,,,
0254,鳞,鱼的,my22lin31,,,,,
0255,虾,统称,ho44kaŋ44,,,,,
0256,螃蟹,统称,paŋ13hai22,,,,,
0257,青蛙,统称,kən31lo13,,,,,
0258,癞蛤蟆,表皮多疙瘩,kən31lo13,,,,,
0259,马,,mo22,,,,,
0260,驴,,（无）,,,,,
0261,骡,,（无）,,,,,
0262,牛,,ŋu13,,,,,
0263,公牛,统称,pa22so44,,,,,
0264,母牛,统称,ma53ŋu13,,,,,
0265,放牛,,l̥ou31ŋu13,,,,,
0266,羊,,iaŋ13,,,,,
0267,猪,,mai35,,,,,
0268,种猪,配种用的公猪,pa31mai35,,,,,
0269,公猪,成年的，已阉的,pa31mai35,,,,,
0270,母猪,成年的，未阉的,ma53mai35,,,,,
0271,猪崽,,mai35tʊ44,,,,,
0272,猪圈,,mai35lu13,,,,,
0273,养猪,,l̥ou31mai35,,,,,
0274,猫,,mjau22ku44,,,,,
0275,公猫,,pa31mjau22ku44,,,,,
0276,母猫,,ma53mjau22ku44,,,,,
0277,狗,统称,kou31,,,,,
0278,公狗,,pa31kou31,,,,,
0279,母狗,,ma53kou31,,,,,
0280,叫,狗～,kaŋ44,,,,,
0281,兔子,,thu53to44,,,,,
0282,鸡,,kə44,,,,,
0283,公鸡,成年的，未阉的,pa31kə44,,,,,
0284,母鸡,已下过蛋的,ma53kə44,,,,,
0285,叫,公鸡～（即打鸣儿）,ku31,,,,,
0286,下,鸡～蛋,aŋ44,,,,,
0287,孵,～小鸡,pau31,,,,,
0288,鸭,,ei53,,,,,
0289,鹅,,ŋu31,,,,,
0290,阉,～公的猪,iə44,,,,,
0291,阉,～母的猪,iə44,,,,,
0292,阉,～鸡,iə44,,,,,
0293,喂,～猪,vji35,,,,,
0294,杀猪,统称，注意婉称,to35mai35,,,,,
0295,杀,～鱼,to35,,,,,
0296,村庄,一个～,kə31tsha31,,,,,
0297,胡同,统称：一条～,（无）,,,,,
0298,街道,,ka44haŋ22,,,,,
0299,盖房子,,ka31py22,,,,,
0300,房子,整座的，不包括院子,py22,,,,,
0301,屋子,房子里分隔而成的，统称,py22,,,,,
0302,卧室,,（无）,,,,,
0303,茅屋,茅草等盖的,（无）,,,,,
0304,厨房,,tshui22huŋ13,,,,,
0305,灶,统称,kə44tou53,,,,,
0306,锅,统称,kə44tuŋ22,,,,,
0307,饭锅,煮饭的,a53kə44tuŋ22,,,,,
0308,菜锅,炒菜的,kə44vən22,,,,,
0309,厕所,旧式的，统称,ko22kə22paŋ35,,,,,
0310,檩,左右方向的,thjaŋ44,,,,,
0311,柱子,,kə44ŋou44,,,,,
0312,大门,,ta31mən13kɔŋ22,,,,,
0313,门槛儿,,kuŋ13ko31,,,,,
0314,窗,旧式的,ȵaŋ22khaŋ31,,,,,
0315,梯子,可移动的,thjə44,,,,,
0316,扫帚,统称,l̥ou53pa22ȵaŋ44,,,,,
0317,扫地,,l̥ou53kə44to44,,,,,
0318,垃圾,,（无）,,,,,
0319,家具,统称,ko44ɕo31,,,,,
0320,东西,我的～,taŋ44l̥ə44,,,,,
0321,炕,土、砖砌的，睡觉用,（无）,,,,,
0322,床,木制的，睡觉用,thaŋ13,,,,,
0323,枕头,,ha22paŋ44,,,,,
0324,被子,,pui44,,,,,
0325,棉絮,,min13pui44,,,,,
0326,床单,,（无）,,,,,
0327,褥子,,（无）,,,,,
0328,席子,,ȵaŋ44,,,,,
0329,蚊帐,,vən22tsu53,,,,,
0330,桌子,统称,ta31pu13,,,,,
0331,柜子,统称,kwei31,,,,,
0332,抽屉,桌子的,tsho35l̥ju44,,,,,
0333,案子,长条形的,（无）,,,,,
0334,椅子,统称,ko44i44,,,,,
0335,凳子,统称,ha31paŋ44,,,,,
0336,马桶,有盖的,（无）,,,,,
0337,菜刀,,io44ȵi13,,,,,
0338,瓢,舀水的,kə44piu35,,,,,
0339,缸,,kə44ə44,,,,,
0340,坛子,装酒的～,kə44ə44,,,,,
0341,瓶子,装酒的～,pən13ty22,,,,,
0342,盖子,杯子的～,kən22,,,,,
0343,碗,统称,kə44faŋ44,,,,,
0344,筷子,,tshu31,,,,,
0345,汤匙,,piu13kən44,,,,,
0346,柴火,统称,tɕhin13,,,,,
0347,火柴,,jaŋ35tʊ31,,,,,
0348,锁,,l̥u35,,,,,
0349,钥匙,,l̥u35ɕi13,,,,,
0350,暖水瓶,,（无）,,,,,
0351,脸盆,,ȵi35mo31kə44pən13,,,,,
0352,洗脸水,,ȵi35mo31ŋ44,,,,,
0353,毛巾,洗脸用,ȵi35mə31no44,,,,,
0354,手绢,,（无）,,,,,
0355,肥皂,洗衣服用,iaŋ13kjə35,,,,,
0356,梳子,旧式的，不是篦子,ta31su44,,,,,
0357,缝衣针,,tjuŋ44,,,,,
0358,剪子,,tin22tau44,,,,,
0359,蜡烛,,（无）,,,,,
0360,手电筒,,tə22taŋ44,,,,,
0361,雨伞,挡雨的，统称,l̥ʊ53,,,,,
0362,自行车,,tu44tsho44,,,,,
0363,衣服,统称,ʊ22,,,,,
0364,穿,～衣服,ȵi22,,,,,
0365,脱,～衣服,kai31,,,,,
0366,系,～鞋带,tau13,,,,,
0367,衬衫,,（无）,,,,,
0368,背心,带两条杠的，内衣,mo22ko53ʊ22,,,,,
0369,毛衣,,jaŋ13sən13ʊ22,,,,,
0370,棉衣,,min13ʊ22,,,,,
0371,袖子,,ʊ22thaŋ31,,,,,
0372,口袋,衣服上的,fu22po44,,,,,
0373,裤子,,khu53,,,,,
0374,短裤,外穿的,lʊ22khu53,,,,,
0375,裤腿,,（无）,,,,,
0376,帽子,统称,kə44mau31,,,,,
0377,鞋子,,hai13,,,,,
0378,袜子,,vo31,,,,,
0379,围巾,,（无）,,,,,
0380,围裙,,vi13kən13,,,,,
0381,尿布,,（无）,,,,,
0382,扣子,,khou53,,,,,
0383,扣,～扣子,khou53,,,,,
0384,戒指,,thou31ku44,,,,,
0385,手镯,,tshu31,,,,,
0386,理发,,the13ha31kho53,,,,,
0387,梳头,,ȵa53ha31kho53,,,,,
0388,米饭,,a53,,,,,
0389,稀饭,用米熬的，统称,man53a53,,,,,
0390,面粉,麦子磨的，统称,（无）,,,,,
0391,面条,统称,（无）,,,,,
0392,面儿,玉米～，辣椒～,mo31,,,,,
0393,馒头,无馅的，统称,（无）,,,,,
0394,包子,,（无）,,,,,
0395,饺子,,（无）,,,,,
0396,馄饨,,（无）,,,,,
0397,馅儿,,（无）,,,,,
0398,油条,长条形的，旧称,iu13tiu13,,,,,
0399,豆浆,,（无）,,,,,
0400,豆腐脑,,（无）,,,,,
0401,元宵,食品,ŋu31,,,,,
0402,粽子,,l̥ə22ŋu31,,,,,
0403,年糕,用黏性大的米或米粉做的,（无）,,,,,
0404,点心,统称,（无）,,,,,
0405,菜,吃饭时吃的，统称,io44,,,,,
0406,干菜,统称,khei31io44,,,,,
0407,豆腐,,to31fu22,,,,,
0408,猪血,当菜的,mai35tshun31,,,,,
0409,猪蹄,当菜的,mai35tə13,,,,,
0410,猪舌头,当菜的，注意婉称,mai35kə44mi22,,,,,
0411,猪肝,当菜的，注意婉称,mai35sə44,,,,,
0412,下水,猪牛羊的内脏,ho22sui31,,,,,
0413,鸡蛋,,kə44kou35,,,,,
0414,松花蛋,,（无）,,,,,
0415,猪油,,pu22iu13tjaŋ13,,,,,
0416,香油,,nən22iu13,,,,,
0417,酱油,,tiu53iu13,,,,,
0418,盐,名词,iou31,,,,,
0419,醋,注意婉称,so44ŋ44,,,,,
0420,香烟,,in22,,,,,
0421,旱烟,,in22,,,,,
0422,白酒,,tiou22,,,,,
0423,黄酒,,tiou22,,,,,
0424,江米酒,酒酿，醪糟,ŋ44tiu31,,,,,
0425,茶叶,,kji22mjuŋ13,,,,,
0426,沏,～茶,（无）,,,,,
0427,冰棍儿,,（无）,,,,,
0428,做饭,统称,ty31a53,,,,,
0429,炒菜,统称，和做饭相对,tshou13io44,,,,,
0430,煮,～带壳的鸡蛋,ty22,,,,,
0431,煎,～鸡蛋,tə44,,,,,
0432,炸,～油条,l̥ui44,,,,,
0433,蒸,～鱼,tyʊ44,,,,,
0434,揉,～面做馒头等,（无）,,,,,
0435,擀,～面，～皮儿,（无）,,,,,
0436,吃早饭,,naŋ13ka22thaŋ13a53,,,,,
0437,吃午饭,,naŋ13nən31no44a53,,,,,
0438,吃晚饭,,naŋ13pja53a53,,,,,
0439,吃,～饭,naŋ13,,,,,
0440,喝,～酒,ho31,,,,,
0441,喝,～茶,ho31,,,,,
0442,抽,～烟,ho31,,,,,
0443,盛,～饭,hə31,,,,,
0444,夹,用筷子～菜,iu35,,,,,
0445,斟,～酒,lja31,,,,,
0446,渴,口～,kha53ŋ44,,,,,
0447,饿,肚子～,tsən44kha53,,,,,
0448,噎,吃饭～着了,y53,,,,,
0449,头,人的，统称,ha31kho53,,,,,
0450,头发,,ha31pja44,,,,,
0451,辫子,,pjan44ty22,,,,,
0452,旋,,thun31,,,,,
0453,额头,,fo31hə44,,,,,
0454,相貌,,l̥iu53mau22,,,,,
0455,脸,洗～,min31pei44,,,,,
0456,眼睛,,kji53mo31,,,,,
0457,眼珠,统称,kji53mo31nin13,,,,,
0458,眼泪,哭的时候流出来的,kji53mo31ŋ44,,,,,
0459,眉毛,,kji53mo31pja44,,,,,
0460,耳朵,,kə44my13,,,,,
0461,鼻子,,khə22mui31,,,,,
0462,鼻涕,统称,khə22mui31ŋ44,,,,,
0463,擤,～鼻涕,l̥əŋ13,,,,,
0464,嘴巴,人的，统称,pə31ljo44,,,,,
0465,嘴唇,,pə31ljo44ku35,,,,,
0466,口水,～流出来,ŋ44mi31,,,,,
0467,舌头,,kə44mi31,,,,,
0468,牙齿,,fun22,,,,,
0469,下巴,,ho44po13,,,,,
0470,胡子,嘴周围的,pja44lau35,,,,,
0471,脖子,,kə44kaŋ31,,,,,
0472,喉咙,,kə44kaŋ31khaŋ22,,,,,
0473,肩膀,,kə44to44,,,,,
0474,胳膊,,（无）,,,,,
0475,手,方言指(打√)：只指手；包括臂：他的～摔断了,thou22,,,,,
0476,左手,,tʊ53thou31,,,,,
0477,右手,,iu31thou22,,,,,
0478,拳头,,kwjə13to13,,,,,
0479,手指,,thou22tʊ35pi31,,,,,
0480,大拇指,,ma53thou22,,,,,
0481,食指,,（无）,,,,,
0482,中指,,ka53ȵaŋ44thou22tʊ35pi31,,,,,
0483,无名指,,（无）,,,,,
0484,小拇指,,man22thou22tʊ44pi22,,,,,
0485,指甲,,thou22kho53,,,,,
0486,腿,,kə44pei44,,,,,
0487,脚,方言指(打√)：只指脚；包括小腿；包括小腿和大腿：他的～压断了,tʊ35,,,,,
0488,膝盖,指部位,fo31ti22ku22,,,,,
0489,背,名词,kə44ko31,,,,,
0490,肚子,腹部,ta31tu53,,,,,
0491,肚脐,,ta31tu53thjə13,,,,,
0492,乳房,女性的,mu44,,,,,
0493,屁股,,khaŋ22ko31,,,,,
0494,肛门,,kuŋ44mən13,,,,,
0495,阴茎,成人的,ti13,,,,,
0496,女阴,成人的,ma44,,,,,
0497,肏,动词,thjə31ma44,,,,,
0498,精液,,l̥jaŋ22,,,,,
0499,来月经,注意婉称,（无）,,,,,
0500,拉屎,,aŋ44ko31,,,,,
0501,撒尿,,aŋ44va31,,,,,
0502,放屁,,aŋ44kou31po53,,,,,
0503,相当于“他妈的”的口头禅,,tshau53ŋ22ȵa22,,,,,
0504,病了,,pən31a53,,,,,
0505,着凉,,tshu22ljʊ13,,,,,
0506,咳嗽,,ho44,,,,,
0507,发烧,,fo44khu22,,,,,
0508,发抖,,to13tɕin53,,,,,
0509,肚子疼,,ŋ44ta13tu31,,,,,
0510,拉肚子,,l̥jo53,,,,,
0511,患疟疾,,fo53naŋ35,,,,,
0512,中暑,,（无）,,,,,
0513,肿,,aŋ35,,,,,
0514,化脓,,sin22pu31,,,,,
0515,疤,好了的,po44,,,,,
0516,癣,,（无）,,,,,
0517,痣,凸起的,kji53,,,,,
0518,疙瘩,蚊子咬后形成的,pu44,,nən35,,,
0519,狐臭,,pə22kwei13l̥au44,,,,,
0520,看病,,maŋ13pən31,,,,,
0521,诊脉,,tə13mə31,,,,,
0522,针灸,,no53khei21tjuŋ44,,,,,
0523,打针,,no53tjuŋ44,,,,,
0524,打吊针,,no53tiu53tjuŋ44,,,,,
0525,吃药,统称,naŋ13ljo44,,,,,
0526,汤药,,（无）,,,,,
0527,病轻了,,pən31fji44,,,,,
0528,说媒,,ŋo35my35,,,,,
0529,媒人,,my13no13,,,,,
0530,相亲,,naŋ13tsun13,,,,,
0531,订婚,,tən22thin44,,,,,
0532,嫁妆,,ko53tsuŋ22,,,,,
0533,结婚,统称,ky53fən44,,,,,
0534,娶妻子,男子～，动宾,so44thin44,,,,,
0535,出嫁,女子～,tən13ko53,,,,,
0536,拜堂,,（无）,,,,,
0537,新郎,,（无）,,,,,
0538,新娘子,,l̥in44mo22tʊ44,,,,,
0539,孕妇,,tə22to44vy53,,,,,
0540,怀孕,,tə22to44,,,,,
0541,害喜,妊娠反应,（无）,,,,,
0542,分娩,,sə22l̥au31,,,,,
0543,流产,,（无）,,,,,
0544,双胞胎,,suŋ44po44tha44,,,,,
0545,坐月子,,tjaŋ35la35,,,,,
0546,吃奶,,naŋ13mu44,,,,,
0547,断奶,,kən53mu44,,,,,
0548,满月,,pu22la35,,,,,
0549,生日,统称,sə44ŋə31,,,,,
0550,做寿,,ŋo35sə44ȵə31,,,,,
0551,死,统称,to31,,,,,
0552,死,婉称，最常用的几种，指老人：他～了,ŋ13njaŋ44,,,,,
0553,自杀,,（无）,,,,,
0554,咽气,,kən53hji53,,,,,
0555,入殓,,（无）,,,,,
0556,棺材,,ta22nuŋ35,,,,,
0557,出殡,,ly35kuŋ13,,,,,
0558,灵位,,（无）,,,,,
0559,坟墓,单个的，老人的,tʊ35,,,,,
0560,上坟,,kji53tʊ35,,,,,
0561,纸钱,,tɕhin22tɕi35,,,,,
0562,老天爷,,（无）,,,,,
0563,菩萨,统称,pu35l̥a31,,,,,
0564,观音,,（无）,,,,,
0565,灶神,口头的叫法，其中如有方言亲属称谓要释义,（无）,,,,,
0566,寺庙,,miu31,,,,,
0567,祠堂,,thy22tuŋ13,,,,,
0568,和尚,,vy35suŋ31,,,,,
0569,尼姑,,（无）,,,,,
0570,道士,,tau31l̥ei44,,,,,
0571,算命,统称,l̥uŋ53məŋ31,,,,,
0572,运气,,vən31hji53,,,,,
0573,保佑,,pou53iou22,,,,,
0574,人,一个～,no13,,,,,
0575,男人,成年的，统称,tən31kjin22no13,,,,,
0576,女人,三四十岁已婚的，统称,mə31tʊ44no13,,,,,
0577,单身汉,,tʊ44sin44,,,,,
0578,老姑娘,,kau35ku44ȵa31,,,,,
0579,婴儿,,nan22tʊ44,,,,,
0580,小孩,三四岁的，统称,ti44tʊ44,,,,,
0581,男孩,统称：外面有个～在哭,tə22tʊ44tʊ44,,,,,
0582,女孩,统称：外面有个～在哭,mə31tʊ44tʊ44,,,,,
0583,老人,七八十岁的，统称,kau35no13,,,,,
0584,亲戚,统称,thin44thy35,,,,,
0585,朋友,统称,paŋ31iou31,,,,,
0586,邻居,统称,（无）,,,,,
0587,客人,,kha44no13,,,,,
0588,农民,,laŋ13mən13,,,,,
0589,商人,,sei44i53no13,,,,,
0590,手艺人,统称,（无）,,,,,
0591,泥水匠,,（无）,,,,,
0592,木匠,,mo31thyʊ31,,,,,
0593,裁缝,,tha13huŋ13,,,,,
0594,理发师,,（无）,,,,,
0595,厨师,,ŋo13tshui31huŋ13,,,,,
0596,师傅,,l̥y44fu31,,,,,
0597,徒弟,,tʊ13tə31,,,,,
0598,乞丐,统称，非贬称(无统称则记成年男的),l̥o35naŋ13kha22,,,,,
0599,妓女,,（无）,,,,,
0600,流氓,,（无）,,,,,
0601,贼,,nji22naŋ13thou44,,,,,
0602,瞎子,统称，非贬称(无统称则记成年男的),kho53mo22,,,,,
0603,聋子,统称，非贬称(无统称则记成年男的),laŋ44ty22,,,,,
0604,哑巴,统称，非贬称(无统称则记成年男的),o31po31,,,,,
0605,驼子,统称，非贬称(无统称则记成年男的),kjaŋ22kə44ko31,,,,,
0606,瘸子,统称，非贬称(无统称则记成年男的),pai22tʊ44,,,,,
0607,疯子,统称，非贬称(无统称则记成年男的),tə44no13,,,,,
0608,傻子,统称，非贬称(无统称则记成年男的),o31ku22,,,,,
0609,笨蛋,蠢的人,o31tʊ44,,,,,
0610,爷爷,呼称，最通用的,kɔŋ31,,,,,
0611,奶奶,呼称，最通用的,pa13,,,,,
0612,外祖父,叙称,kɔŋ31,,,,,
0613,外祖母,叙称,pa13,,,,,
0614,父母,合称,ia44ȵa31,,,,,
0615,父亲,叙称,ia44,,,,,
0616,母亲,叙称,ȵa31,,,,,
0617,爸爸,呼称，最通用的,ia44,,,,,
0618,妈妈,呼称，最通用的,ȵa31,,,,,
0619,继父,叙称,（无）,,,,,
0620,继母,叙称,（无）,,,,,
0621,岳父,叙称,ia44,,,,,
0622,岳母,叙称,ȵa31,,,,,
0623,公公,叙称,ia44,,,,,
0624,婆婆,叙称,ȵa31,,,,,
0625,伯父,呼称，统称,tə31ia44,,,,,
0626,伯母,呼称，统称,tə31ȵa31,,,,,
0627,叔父,呼称，统称,l̥ə53ia44,,,,,
0628,排行最小的叔父,呼称，如“幺叔”,mən31ia44,,,,,
0629,叔母,呼称，统称,mən31ȵa31,,,,,
0630,姑,统称，呼称(无统称则记分称：比父大，比父小；已婚，未婚),ku44ȵa31,,,,,
0631,姑父,呼称，统称,ku44ia44,,,,,
0632,舅舅,呼称,kjau31,,,,,
0633,舅妈,呼称,kjau31mə22ȵa31,,,,,
0634,姨,统称，呼称(无统称则记分称：比母大，比母小；已婚，未婚),tə31ȵa31,,i22ȵa31,,,
0635,姨父,呼称，统称,tə31ia44,,,,,
0636,弟兄,合称,ku22ta13,,,,,
0637,姊妹,合称，注明是否可包括男性,kau13mui22,,,,,
0638,哥哥,呼称，统称,kʊ44,,,,,
0639,嫂子,呼称，统称,l̥au53,,,,,
0640,弟弟,叙称,tə31,,,,,
0641,弟媳,叙称,l̥au31,,,,,
0642,姐姐,呼称，统称,ta31ta31,,,,,
0643,姐夫,呼称,ti22fu44,,,,,
0644,妹妹,叙称,mui31,,,,,
0645,妹夫,叙称,mui31fu44,,,,,
0646,堂兄弟,叙称，统称,tuŋ13ku44tuŋ13tə31,,,,,
0647,表兄弟,叙称，统称,（无）,,,,,
0648,妯娌,弟兄妻子的合称,（无）,,,,,
0649,连襟,姊妹丈夫的关系，叙称,（无）,,,,,
0650,儿子,叙称：我的～,tʊ44,,,,,
0651,儿媳妇,叙称：我的～,tʊ44ŋji44,,,,,
0652,女儿,叙称：我的～,mə31tʊ44,,,,,
0653,女婿,叙称：我的～,o22tʊ44,,,,,
0654,孙子,儿子之子,l̥ən44tʊ44,,,,,
0655,重孙子,儿子之孙,（无）,,,,,
0656,侄子,弟兄之子,tɕhy31ta53,,,,,
0657,外甥,姐妹之子,（无）,,,,,
0658,外孙,女儿之子,vai13l̥ən44,,,,,
0659,夫妻,合称,fu44thə44,,,,,
0660,丈夫,叙称，最通用的，非贬称：她的～,no22ȵin22,,ti33kjin22,,,
0661,妻子,叙称，最通用的，非贬称：他的～,ȵi44,,no13ko44,,,
0662,名字,,mu35,,,,,
0663,绰号,,（无）,,,,,
0664,干活儿,统称：在地里～,ŋo35kaŋ44,,,,,
0665,事情,一件～,l̥y22fu31,,,,,
0666,插秧,,ti31lin35,,,,,
0667,割稻,,lə53pui22,,,,,
0668,种菜,,ti31io22,,,,,
0669,犁,名词,lə13,,,,,
0670,锄头,,kui31tshou13,,,,,
0671,镰刀,,lə22tau44,,,,,
0672,把儿,刀～,ȵi13pən53,,,,,
0673,扁担,,taŋ53kʊ44,,,,,
0674,箩筐,,kə44lau13,,,,,
0675,筛子,统称,sa44,,,,,
0676,簸箕,农具，有梁的,（无）,,,,,
0677,簸箕,簸米用,kə44vən44,,,,,
0678,独轮车,,（无）,,,,,
0679,轮子,旧式的，如独轮车上的,lun13ty22,,,,,
0680,碓,整体,ty53,,,,,
0681,臼,,（无）,,,,,
0682,磨,名词,my53,,,,,
0683,年成,,（无）,,,,,
0684,走江湖,统称,hə13kaŋ44fu13,,,,,
0685,打工,,no53kaŋ44,,,,,
0686,斧子,,tau35,,,,,
0687,钳子,,thə22ŋo31,,,,,
0688,螺丝刀,,（无）,,,,,
0689,锤子,,tui13,,,,,
0690,钉子,,təŋ44,,,,,
0691,绳子,,lei35,,,,,
0692,棍子,,pja22,,,,,
0693,做买卖,,ŋo35sə44i53,,,,,
0694,商店,,phu53,,,,,
0695,饭馆,,a53kuŋ13,,,,,
0696,旅馆,旧称,（无）,,,,,
0697,贵,,kui53,,,,,
0698,便宜,,pan13njou13,,,,,
0699,合算,,fo13l̥uŋ53,,,,,
0700,折扣,,（无）,,,,,
0701,亏本,,khui44pən35,,,,,
0702,钱,统称,tɕhin13,,,,,
0703,零钱,,ləŋ31tɕhin13,,,,,
0704,硬币,,（无）,,,,,
0705,本钱,,pən35tɕhin13,,,,,
0706,工钱,,kaŋ44tɕhin13,,,,,
0707,路费,,（无）,,,,,
0708,花,～钱,fo44,,,,,
0709,赚,卖一斤能～一毛钱,tsaŋ31,,,,,
0710,挣,打工～了一千块钱,tsaŋ31,,,,,
0711,欠,～他十块钱,hə53,,,,,
0712,算盘,,l̥uŋ53puŋ13,,,,,
0713,秤,统称,thiu35,,,,,
0714,称,用秆秤～,thiu44,,,,,
0715,赶集,,kɔŋ35hui44,,,,,
0716,集市,,hui44,,,,,
0717,庙会,,miu31l̥y31,,,,,
0718,学校,,su31tuŋ13,,,,,
0719,教室,,（无）,,,,,
0720,上学,,ly35su35,,,,,
0721,放学,,tsaŋ35su35,,,,,
0722,考试,,（无）,,,,,
0723,书包,,nu31po44,,,,,
0724,本子,,pən35ty44,,,,,
0725,铅笔,,（无）,,,,,
0726,钢笔,,（无）,,,,,
0727,圆珠笔,,（无）,,,,,
0728,毛笔,,pja44pjy53,,,,,
0729,墨,,mə31,,,,,
0730,砚台,,mə31tuŋ13,,,,,
0731,信,一封～,l̥in53,,,,,
0732,连环画,,（无）,,,,,
0733,捉迷藏,,thaŋ35u53mi35,,,,,
0734,跳绳,,（无）,,,,,
0735,毽子,,（无）,,,,,
0736,风筝,,（无）,,,,,
0737,舞狮,,u22l̥y44ty22,,,,,
0738,鞭炮,统称,pho53,,,,,
0739,唱歌,,ku22l̥ə22,,,,,
0740,演戏,,（无）,,,,,
0741,锣鼓,统称,（无）,,,,,
0742,二胡,,ɕi53kjən35,,,,,
0743,笛子,,tshaŋ13,,,,,
0744,划拳,,tsha44my35,,,,,
0745,下棋,,taŋ22kji13,,,,,
0746,打扑克,,no53pa13,,,,,
0747,打麻将,,（无）,,,,,
0748,变魔术,,（无）,,,,,
0749,讲故事,,tu13ku31ŋin35,,,,,
0750,猜谜语,,tuŋ53ku22,,,,,
0751,玩儿,游玩：到城里～,so31,,,,,
0752,串门儿,,tsho31ko44,,,,,
0753,走亲戚,,hə13thin44,,,,,
0754,看,～电视,maŋ35,,,,,
0755,听,用耳朵～,taŋ35,,,,,
0756,闻,嗅：用鼻子～,ȵui53,,,,,
0757,吸,～气,tho35,,,,,
0758,睁,～眼,kha44,,,,,
0759,闭,～眼,mi44,,,,,
0760,眨,～眼,mi44,,,,,
0761,张,～嘴,kha44,,,,,
0762,闭,～嘴,mu53,,,,,
0763,咬,狗～人,tu31,,,,,
0764,嚼,把肉～碎,ȵa53,,,,,
0765,咽,～下去,in53,,,,,
0766,舔,人用舌头～,lja53,,,,,
0767,含,～在嘴里,hwan13,,,,,
0768,亲嘴,,sjuŋ22pu35,,,,,
0769,吮吸,用嘴唇聚拢吸取液体，如吃奶时,ty53,,,,,
0770,吐,上声，把果核儿～掉,və44,,,,,
0771,吐,去声，呕吐：喝酒喝～了,au31,,,,,
0772,打喷嚏,,no53phən53tɕhi53,,,,,
0773,拿,用手把苹果～过来,tə35,,,,,
0774,给,他～我一个苹果,haŋ44,,,,,
0775,摸,～头,mja31,,,,,
0776,伸,～手,ȵou44,,,,,
0777,挠,～痒痒,ȵao44,,,,,
0778,掐,用拇指和食指的指甲～皮肉,kho35,,,,,
0779,拧,～螺丝,liu35,,,,,
0780,拧,～毛巾,liu35,,,,,
0781,捻,用拇指和食指来回～碎,ȵin31,,,,,
0782,掰,把橘子～开，把馒头～开,pə31,,,,,
0783,剥,～花生,pə31,,,,,
0784,撕,把纸～了,tsho35,,,,,
0785,折,把树枝～断,au31,,,,,
0786,拔,～萝卜,tsho35,,,,,
0787,摘,～花,pjou44,,,,,
0788,站,站立：～起来,sʊ31,,,,,
0789,倚,斜靠：～在墙上,khou53,,,,,
0790,蹲,～下,thən13ŋou44,,,,,
0791,坐,～下,tjaŋ35,,,,,
0792,跳,青蛙～起来,thiu53,,,,,
0793,迈,跨过高物：从门槛上～过去,kjo31,,,,,
0794,踩,脚～在牛粪上,thai35,,,,,
0795,翘,～腿,kjou44,,,,,
0796,弯,～腰,van44,,,,,
0797,挺,～胸,（无）,,,,,
0798,趴,～着睡,pjo13,,,,,
0799,爬,小孩在地上～,pjo35,,,,,
0800,走,慢慢儿～,hə13,,,,,
0801,跑,慢慢儿走，别～,kjaŋ31,,,,,
0802,逃,逃跑：小偷～走了,pi31,,,,,
0803,追,追赶：～小偷,ko13,,,,,
0804,抓,～小偷,vy31,,,,,
0805,抱,把小孩～在怀里,pau35,,,,,
0806,背,～孩子,vei31,,,,,
0807,搀,～老人,sji44,,,,,
0808,推,几个人一起～汽车,thou35,,,,,
0809,摔,跌：小孩～倒了,kwaŋ31,,,,,
0810,撞,人～到电线杆上,tshuŋ31,,,,,
0811,挡,你～住我了，我看不见,taŋ31,,,,,
0812,躲,躲藏：他～在床底下,thaŋ13,,,,,
0813,藏,藏放，收藏：钱～在枕头下面,thaŋ13,,,,,
0814,放,把碗～在桌子上,ʦaŋ35,,,,,
0815,摞,把砖～起来,ty44,,,,,
0816,埋,～在地下,mai13,,,,,
0817,盖,把茶杯～上,kən31,,,,,
0818,压,用石头～住,tui13,,,,,
0819,摁,用手指按：～图钉,thjou53,,,,,
0820,捅,用棍子～鸟窝,tshu35,,,,,
0821,插,把香～到香炉里,tsho53,,,,,
0822,戳,～个洞,tshu35,,,,,
0823,砍,～树,nau31,,,,,
0824,剁,把肉～碎做馅儿,tjə31,,,,,
0825,削,～苹果,lə44,,,,,
0826,裂,木板～开了,tɕhə53,,,,,
0827,皱,皮～起来,ȵou53,,,,,
0828,腐烂,死鱼～了,mei31,,,,,
0829,擦,用毛巾～手,saŋ35,,,,,
0830,倒,把碗里的剩饭～掉,khaŋ44,,,,,
0831,扔,丢弃：这个东西坏了，～了它,tjo31,,,,,
0832,扔,投掷：比一比谁～得远,ta31,,,,,
0833,掉,掉落，坠落：树上～下一个梨,puŋ44,,,,,
0834,滴,水～下来,puŋ44,,,,,
0835,丢,丢失：钥匙～了,puŋ44,,,,,
0836,找,寻找：钥匙～到,thuŋ22,,,,,
0837,捡,～到十块钱,ny53,,,,,
0838,提,用手把篮子～起来,tə13,,,,,
0839,挑,～担,nei35,,,,,
0840,扛,káng，把锄头～在肩上,kui22,,,,,
0841,抬,～轿,ȵan35,,,,,
0842,举,～旗子,kui44,,,,,
0843,撑,～伞,tɕhə53,,,,,
0844,撬,把门～开,ky22,,,,,
0845,挑,挑选，选择：你自己～一个,kjə35,,,,,
0846,收拾,～东西,sou44,,,,,
0847,挽,～袖子,kwə35,,,,,
0848,涮,把杯子～一下,tho53,,,,,
0849,洗,～衣服,tei31,,,,,
0850,捞,～鱼,lo35,,,,,
0851,拴,～牛,tau13,,,,,
0852,捆,～起来,l̥ei44,,,,,
0853,解,～绳子,kai31,,,,,
0854,挪,～桌子,no35,,,,,
0855,端,～碗,（无）,,,,,
0856,摔,碗～碎了,（无）,,,,,
0857,掺,～水,tshu44,,,,,
0858,烧,～柴,thou31,,,,,
0859,拆,～房子,tɕhə53,,,,,
0860,转,～圈儿,thun31,,,,,
0861,捶,用拳头～,tui13,,,,,
0862,打,统称：他～了我一下,no53,,,,,
0863,打架,动手：两个人在～,no53ko53,,,,,
0864,休息,,su35na53,,,,,
0865,打哈欠,,no53ho44fji44,,,,,
0866,打瞌睡,,pui35lʊ44,,,,,
0867,睡,他已经～了,pui35,,,,,
0868,打呼噜,,ku31py31,,,,,
0869,做梦,,pui35mo35,,,,,
0870,起床,,ka31thaŋ13,,,,,
0871,刷牙,,tho53fən44,,,,,
0872,洗澡,,tei31ɕin44,,,,,
0873,想,思索：让我～一下,l̥iu53,,,,,
0874,想,想念：我很～他,l̥iu53,,,,,
0875,打算,我～开个店,（无）,,,,,
0876,记得,,kji53ta35,,,,,
0877,忘记,,mjuŋ22kji53,,,,,
0878,怕,害怕：你别～,tɕhi44,,,,,
0879,相信,我～你,l̥in53,,,,,
0880,发愁,,tshou13,,,,,
0881,小心,过马路要～,l̥y53l̥in44,,,,,
0882,喜欢,～看电视,huŋ44hji31,,,,,
0883,讨厌,～这个人,mja53,,,,,
0884,舒服,凉风吹来很～,ŋ35ȵaŋ44,,,,,
0885,难受,生理的,ŋ13ŋ35ȵaŋ44,,,,,
0886,难过,心理的,tsa22ko35,,,,,
0887,高兴,,huŋ44hji31,,,,,
0888,生气,,fo53hji53,,,,,
0889,责怪,,kwa53,,,,,
0890,后悔,,thu31to22,,,,,
0891,忌妒,,（无）,,,,,
0892,害羞,,thai44no13,,,,,
0893,丢脸,,thai44no13,,,,,
0894,欺负,,khji44ljou31,,,,,
0895,装,～病,tsuŋ44,,,,,
0896,疼,～小孩儿,thaŋ53,,,,,
0897,要,我～这个,ȵou31,,,,,
0898,有,我～一个孩子,mo13,,,,,
0899,没有,他～孩子,ŋ31mo13,,,,,
0900,是,我～老师,sji22,,,,,
0901,不是,他～老师,ŋ13sji22,,,,,
0902,在,他～家,ȵaŋ44,,,,,
0903,不在,他～家,ŋ13ȵaŋ44,,,,,
0904,知道,我～这件事,tə31po44,,,,,
0905,不知道,我～这件事,ŋ13po44,,,,,
0906,懂,我～英语,taŋ31,,,,,
0907,不懂,我～英语,ŋ13taŋ31,,,,,
0908,会,我～开车,thʊ13,,,,,
0909,不会,我～开车,ŋ13thʊ13,,,,,
0910,认识,我～他,ta35ȵou35,,,,,
0911,不认识,我～他,ŋ13ta13ȵou35,,ŋ13ȵou35,,,
0912,行,应答语,ŋ35,,,,,
0913,不行,应答语,ŋ13hu31,,,,,
0914,肯,～来,so35,,,,,
0915,应该,～去,iŋ44kei44,,,,,
0916,可以,～去,kho22i22,,,,,
0917,说,～话,tu35,,,,,
0918,话,说～,（无）,,,,,
0919,聊天儿,,tu44pei31,,,,,
0920,叫,～他一声儿,khu35,,,,,
0921,吆喝,大声喊,（无）,,,,,
0922,哭,小孩～,nji31,,,,,
0923,骂,当面～人,fa31,,,,,
0924,吵架,动嘴：两个人在～,tshau31ko53,,,,,
0925,骗,～人,kwa22,,,,,
0926,哄,～小孩,kwa22,,,,,
0927,撒谎,,kwa22,,,,,
0928,吹牛,,phy22ŋu13,,,,,
0929,拍马屁,,（无）,,,,,
0930,开玩笑,,tu35tju53li31,,,,,
0931,告诉,～他,fu35,,,,,
0932,谢谢,致谢语,no31vji22,,,,,
0933,对不起,致歉语,ty53ŋ13tsui53,,,,,
0934,再见,告别语,（无）,,,,,
0935,大,苹果～,liu44,,,,,
0936,小,苹果～,l̥ə53,,,,,
0937,粗,绳子～,thu44,,,,,
0938,细,绳子～,l̥ə13,,,,,
0939,长,线～,nou22,,,,,
0940,短,线～,lʊ31,,,,,
0941,长,时间～,nou22,,,,,
0942,短,时间～,lʊ31,,,,,
0943,宽,路～,kwən22,,,,,
0944,宽敞,房子～,kwən22,,,,,
0945,窄,路～,njə53,,,,,
0946,高,飞机飞得～ ,sən44,,,,,
0947,低,鸟飞得～,ŋa22,,,,,
0948,高,他比我～,sən44,,,,,
0949,矮,他比我～,ŋa22,,,,,
0950,远,路～,ky44,,,,,
0951,近,路～,vjy35,,,,,
0952,深,水～,tau44,,,,,
0953,浅,水～,thə35,,,,,
0954,清,水～,thən44,,,,,
0955,浑,水～,mu53,,,,,
0956,圆,,lun44,,,,,
0957,扁,,pə35,,,,,
0958,方,,l̥ə53huŋ44,,,,,
0959,尖,,tə44,,,,,
0960,平,,pəŋ35,,,,,
0961,肥,～肉,tjaŋ31,,,,,
0962,瘦,～肉,sou35,,,,,
0963,肥,形容猪等动物,tjaŋ31,,,,,
0964,胖,形容人,tjaŋ31,,,,,
0965,瘦,形容人、动物,sou35,,,,,
0966,黑,黑板的颜色,kʊ44,,,,,
0967,白,雪的颜色,ky44,,,,,
0968,红,国旗的主颜色，统称,tshun35,,,,,
0969,黄,国旗上五星的颜色,kwən13,,,,,
0970,蓝,蓝天的颜色,phou31,,,,,
0971,绿,绿叶的颜色,ly22,,,,,
0972,紫,紫药水的颜色,（无）,,,,,
0973,灰,草木灰的颜色,phou31,,,,,
0974,多,东西～,au35,,,,,
0975,少,东西～,tshu31,,,,,
0976,重,担子～,sʊ22,,,,,
0977,轻,担子～,fji44,,,,,
0978,直,线～,ȵou44,,,,,
0979,陡,坡～，楼梯～,taŋ31,,,,,
0980,弯,弯曲：这条路是～的,van44,,,,,
0981,歪,帽子戴～了,kwə22,,thjo53,,,
0982,厚,木板～,nei44,,,,,
0983,薄,木板～,ȵi22,,,,,
0984,稠,稀饭～,ȵou13,,,,,
0985,稀,稀饭～,man53,,,,,
0986,密,菜种得～,nei44,,,,,
0987,稀,稀疏：菜种得～,sa44,,,,,
0988,亮,指光线，明亮,kwan13,,,,,
0989,黑,指光线，完全看不见,pja53,,,,,
0990,热,天气,su31,,,,,
0991,暖和,天气,su31,,,,,
0992,凉,天气,ljo13,,,,,
0993,冷,天气,thei31,,,,,
0994,热,水,khʊ44,,,,,
0995,凉,水,thei31,,lyʊ13,,,
0996,干,干燥：衣服晒～了,khei31,,,,,
0997,湿,潮湿：衣服淋～了,no44,,,,,
0998,干净,衣服～,suŋ53li22,,,,,
0999,脏,肮脏，不干净，统称：衣服～,va35tou44,,,,,
1000,快,锋利：刀子～,iou35,,,,,
1001,钝,刀～,ŋ13iau35,,,,,
1002,快,坐车比走路～,ɕy35,,,,,
1003,慢,走路比坐车～,mo31,,,,,
1004,早,来得～,tau31,,,,,
1005,晚,来～了,tai13,,,,,
1006,晚,天色～,pja53,,,,,
1007,松,捆得～,l̥aŋ44,,,,,
1008,紧,捆得～,kjin35,,,,,
1009,容易,这道题～,jaŋ31i22,,,,,
1010,难,这道题～,tsa31,,,,,
1011,新,衣服～,l̥an44,,,,,
1012,旧,衣服～,kau35,,,,,
1013,老,人～,kau35,,,,,
1014,年轻,人～,ho22sə44,,,,,
1015,软,糖～,ŋo31,,,,,
1016,硬,骨头～,tei31,,,,,
1017,烂,肉煮得～,ŋo31,,,,,
1018,糊,饭烧～了,tiu44,,,,,
1019,结实,家具～,tei31kjaŋ44,,,,,
1020,破,衣服～,kən35,,,,,
1021,富,他家很～,fu53,,,,,
1022,穷,他家很～,kjaŋ13,,,,,
1023,忙,最近很～,maŋ35,,,,,
1024,闲,最近比较～,hu35,,,,,
1025,累,走路走得很～,na53,,,,,
1026,疼,摔～了,ŋ44,,,,,
1027,痒,皮肤～,so53,,,,,
1028,热闹,看戏的地方很～,no22ŋjy31,,,,,
1029,熟悉,这个地方我很～,sjin22,,,,,
1030,陌生,这个地方我很～,sə44su44,,,,,
1031,味道,尝尝～,mi31tau31,,,,,
1032,气味,闻闻～,（无）,,,,,
1033,咸,菜～,hʊ13,,,,,
1034,淡,菜～,tʊ31,,tɕhi33,,,
1035,酸,,so44,,,,,
1036,甜,,kən44,,,,,
1037,苦,,an44,,,,,
1038,辣,,mja31,,,,,
1039,鲜,鱼汤～,l̥an44l̥ə44,,,,,
1040,香,,nən44,,,,,
1041,臭,,tsui35,,,,,
1042,馊,饭～,（无）,,,,,
1043,腥,鱼～,l̥əŋ44,,,,,
1044,好,人～,ŋ35,,,,,
1045,坏,人～,va31,,,,,
1046,差,东西质量～,tsho44,,,,,
1047,对,账算～了,ty53,,,,,
1048,错,账算～了,tshau22,,,,,
1049,漂亮,形容年轻女性的长相：她很～,sei53,,,,,
1050,丑,形容人的长相：猪八戒很～,tɕhiu22,,,,,
1051,勤快,,kaŋ13,,,,,
1052,懒,,lʊ31,,,,,
1053,乖,,kwa44,,,,,
1054,顽皮,,thiu53pi35,,,,,
1055,老实,,lou31ɕy22,,,,,
1056,傻,痴呆,o31,,,,,
1057,笨,蠢,pən31,,,,,
1058,大方,不吝啬,ta22huŋ44,,,,,
1059,小气,吝啬,l̥ə53hji53,,kjaŋ33,,,
1060,直爽,性格～,ȵou44,,,,,
1061,犟,脾气～,（无）,,,,,
1062,一,～二三四五……，下同,iə31,,,,,
1063,二,,u44,,ȵi22,,,
1064,三,,py44,,l̥u33,,,
1065,四,,pja44,,l̥e53,,,
1066,五,,pi44,,ŋ31,,,
1067,六,,tjo35,,ly22,,,
1068,七,,saŋ31,,ta53,,,
1069,八,,ia31,,po53,,,
1070,九,,tiu13,,kjiu35,,,
1071,十,,ko31,,ɕy22,,,
1072,二十,有无合音,ŋji22ɕy22,,,,,
1073,三十,有无合音,l̥u44ɕy22,,,,,
1074,一百,,iə31pə53,,,,,
1075,一千,,iə31thə44,,,,,
1076,一万,,iə31vo22,,,,,
1077,一百零五,,iə31pə53lən22pi44,,,,,
1078,一百五十,,iə31pə53ŋ31ɕy22,,,,,
1079,第一,～，第二,tə22iə31,,,,,
1080,二两,重量,u44lyʊ35,,ŋi22lyʊ35,,,
1081,几个,你有～孩子？,kji35lʊ44,,,,,
1082,俩,你们～,u44,,,,,
1083,仨,你们～,py44,,,,,
1084,个把,,lʊ13pʊ31,,lʊ33pʊ31,,,
1085,个,一～人,lʊ44,,,,,
1086,匹,一～马,tʊ22,,,,,
1087,头,一～牛,tʊ22,,,,,
1088,头,一～猪,tʊ22,,,,,
1089,只,一～狗,tʊ22,,,,,
1090,只,一～鸡,tʊ22,,,,,
1091,只,一～蚊子,tʊ22,,,,,
1092,条,一～鱼,tiu13,,,,,
1093,条,一～蛇,tiu13,,,,,
1094,张,一～嘴,kha44,,,,,
1095,张,一～桌子,tsʊ53,,,,,
1096,床,一～被子,tshuŋ13,,,,,
1097,领,一～席子,tshuŋ13,,,,,
1098,双,一～鞋,ty53,,,,,
1099,把,一～刀,tsən44,,,,,
1100,把,一～锁,ko53,,,,,
1101,根,一～绳子,tiu13,,,,,
1102,支,一～毛笔,tɕi44,,,,,
1103,副,一～眼镜,fu53,,,,,
1104,面,一～镜子,tɕhi22,,,,,
1105,块,一～香皂,tɕhi22,,,,,
1106,辆,一～车,ko53,,,,,
1107,座,一～房子,tiu13,,,,,
1108,座,一～桥,tiu13,,,,,
1109,条,一～河,tiu13,,,,,
1110,条,一～路,tiu13,,,,,
1111,棵,一～树,kou44,,,,,
1112,朵,一～花,kjau13,,,,,
1113,颗,一～珠子,khʊ22,,,,,
1114,粒,一～米,khʊ22,,,,,
1115,顿,一～饭,tən53,,,,,
1116,剂,一～中药,fu53,,,,,
1117,股,一～香味,ku22,,,,,
1118,行,一～字,（无）,,,,,
1119,块,一～钱,tɕhi22,,,,,
1120,毛,角：一～钱,ko53,,,,,
1121,件,一～事情,kin31,,,,,
1122,点儿,一～东西,ti35ti35to44,,,,,
1123,些,一～东西,nə31,,,,,
1124,下,打一～，动量，不是时量,ho31,,,,,
1125,会儿,坐了一～,tɕhiu31tʊ44,,,,,
1126,顿,打一～,tən53,,ho31,,,
1127,阵,下了一～雨,tɕhiu31,,,,,
1128,趟,去了一～,tsaŋ31,,,,,
1129,我,～姓王,vo31,,,,,
1130,你,～也姓王,ŋ31,,,,,
1131,您,尊称,（无）,,,,,
1132,他,～姓张,naŋ31,,,,,
1133,我们,不包括听话人：你们别去，～去,pou44,,,,,
1134,咱们,包括听话人：他们不去，～去吧,pou44,,,,,
1135,你们,～去,mə13,,ŋ31no13,,,
1136,他们,～去,nan31no13,,,,,
1137,大家,～一起干,ta31thə13,,lʊ13lʊ13,,,
1138,自己,我～做的,tou31lʊ13,,,,,
1139,别人,这是～的,pjaŋ31lʊ13,,,,,
1140,我爸,～今年八十岁,vo31ia44,,,,,
1141,你爸,～在家吗？,ŋ31ia44,,,,,
1142,他爸,～去世了,naŋ31ia44,,,,,
1143,这个,我要～，不要那个,lʊ44no31,,,,,
1144,那个,我要这个，不要～,lʊ44ȵi22,,,,,
1145,哪个,你要～杯子？,lʊ44naŋ31,,,,,
1146,谁,你找～？,lʊ13naŋ31,,,,,
1147,这里,在～，不在那里,ty44no31,,,,,
1148,那里,在这里，不在～,ty44ȵi31,,,,,
1149,哪里,你到～去？,ty44naŋ31,,,,,
1150,这样,事情是～的，不是那样的,sji31thja35,,,,,
1151,那样,事情是这样的，不是～的,（无）,,,,,
1152,怎样,什么样：你要～的？,tsan35ŋo35,,,,,
1153,这么,～贵啊,tjən31,,,,,
1154,怎么,这个字～写？,tsan35ŋo35,,,,,
1155,什么,这个是～字？,ɕi22kə44ti22,,,,,
1156,什么,你找～？,ɕi22kə44ti22,,,,,
1157,为什么,你～不去？,vji22kə44ti22,,,,,
1158,干什么,你在～？,ŋo35kə44ti22,,,,,
1159,多少,这个村有～人？,au35tshʊ22,,,,,
1160,很,今天～热,hən22,,,,,
1161,非常,比上条程度深：今天～热,hən22,,le35suŋ31,,,
1162,更,今天比昨天～热,lə35suŋ31,,,,,
1163,太,这个东西～贵，买不起,thai53,,,,,
1164,最,弟兄三个中他～高,tsui53,,,,,
1165,都,大家～来了,tʊ44,,,,,
1166,一共,～多少钱？,iə31khi22,,,,,
1167,一起,我和你～去,iə31khi22,,,,,
1168,只,我～去过一趟,pən22,,,,,
1169,刚,这双鞋我穿着～好,kjaŋ44,,,,,
1170,刚,我～到,kjaŋ44kjaŋ44,,,,,
1171,才,你怎么～来啊？,kjə53,,,,,
1172,就,我吃了饭～去,thiu31,,,,,
1173,经常,我～去,thiu13thiu13,,,,,
1174,又,他～来了,iou31,,,,,
1175,还,他～没回家,nə44,,,,,
1176,再,你明天～来,ta53,,,,,
1177,也,我～去；我～是老师,ia31,,,,,
1178,反正,不用急，～还来得及,（无）,,,,,
1179,没有,昨天我～去,ŋ13,,,,,
1180,不,明天我～去,ŋ13,,,,,
1181,别,你～去,ŋ13,,,,,
1182,甭,不用，不必：你～客气,（无）,,,,,
1183,快,天～亮了,ei53,,,,,
1184,差点儿,～摔倒了,tsho44ŋ13ky44,,,,,
1185,宁可,～买贵的,ȵin35ŋjyn31,,,,,
1186,故意,～打破的,iə31l̥in44,,,,,
1187,随便,～弄一下,thui13pə22,,,,,
1188,白,～跑一趟,pjaŋ31,,,,,
1189,肯定,～是他干的,khən31tən31,,,,,
1190,可能,～是他干的,kho31nən13,,,,,
1191,一边,～走，～说,ia31phə35,,,,,
1192,和,我～他都姓王,la44,,,,,
1193,和,我昨天～他去城里了,la44,,,,,
1194,对,他～我很好,ty53,,,,,
1195,往,～东走,tsaŋ31,,,,,
1196,向,～他借一本书,（无）,,,,,
1197,按,～他的要求做,tɕiu53,,,,,
1198,替,～他写信,thə53,,,,,
1199,如果,～忙你就别来了,ia13ɕi31,,,,,
1200,不管,～怎么劝他都不听,ŋ13kuŋ35,,,,,
1201,天,,kə22ŋo13,,,,,
1202,天河,银河,（无）,,,,,
1203,天上,,ŋo13suŋ31,,,,,
1204,天崩,,（无）,,,,,
1205,彗星,扫帚星,（无）,,,,,
1206,北斗星,,（无）,,,,,
1207,流星,,（无）,,,,,
1208,乌云,,（无）,,,,,
1209,狂风,,ta44kji35,,,,,
1210,旋风,,thun31thun31kji35,,,,,
1211,暴风雨,,ta44kji35ta44lo31ŋa31,,,,,
1212,毛毛雨,,l̥ə53l̥ə53lo31ŋa31,,,,,
1213,阵雨,,iə31tiu53lo31ŋa31,,,,,
1214,打雷,,no53kuŋ35kwaŋ31,,,,,
1215,霹雷,,（无）,,,,,
1216,打闪,,no53io31i22,,,,,
1217,刮,～风,phy44,,,,,
1218,日晕,,（无）,,,,,
1219,月晕,,（无）,,,,,
1220,涨,～大水,fo53,,,,,
1221,地,与“天”相对的,kə44tou44,,,,,
1222,地,田～,lo31,,,,,
1223,地裂,,lo31kha44tshə53,,,,,
1224,洼地,,（无）,,,,,
1225,荒地,未开垦过的地,huŋ44lo31,,,,,
1226,旱田,,hu22lin13,,,,,
1227,梯田,,（无）,,,,,
1228,秧田,,iu44lin13,,,,,
1229,平坝子,,（无）,,,,,
1230,平地,,pən13ti31,,,,,
1231,大路,,ta22mo13kou31,,,,,
1232,小路,,l̥ei53kou31,,,,,
1233,岔路口,,tsho53kou31,,,,,
1234,岭,,ian13,,,,,
1235,山,土～、石～,kuŋ13,,,,,
1236,山坳,,ə53,,,,,
1237,山顶,,fo31kɔŋ13,,,,,
1238,山洞,,taŋ31,,,,,
1239,山峰,,（无）,,,,,
1240,山脚,,kuŋ13tʊ35,,,,,
1241,山坡,,（无）,,,,,
1242,山下,,（无）,,,,,
1243,山腰,,nən31kɔŋ13,,,,,
1244,山脉,,（无）,,,,,
1245,荒山,,huŋ44kɔŋ13,,,,,
1246,水源,,（无）,,,,,
1247,屋檐水,,py22iə13ŋ44,,,,,
1248,浑水,,ȵaŋ13ŋ44,,,,,
1249,河口,,lau35ŋ33,,,,,
1250,山涧,,（无）,,,,,
1251,潭,,tʊ13,,,,,
1252,鱼塘,,my31tɔŋ13,,,,,
1253,水塘,,ŋ44tɔŋ13,,,,,
1254,海,,ha22,,,,,
1255,土,干～,lo13,,,,,
1256,悬崖,,（无）,,,,,
1257,洲,江河之中,tɕiu44,,,,,
1258,沙滩,,so44thu44,,,,,
1259,岩石,,ha22y22,,,,,
1260,鹅卵石,,（无）,,,,,
1261,白石头,,ky44ha22y44,,,,,
1262,小石子,,l̥ə53ha22y44,,,,,
1263,泥沙,,lo13so44,,,,,
1264,烂泥,,kən13lo13,,,,,
1265,黄土,,kwən13lo13,,,,,
1266,沃土,,tjaŋ31lo13,,,,,
1267,石灰,,sə31fei44,,,,,
1268,金子,,kjin44tei35,,,,,
1269,铁,,lo35,,,,,
1270,铜,,taŋ13,,,,,
1271,钢,,kɔŋ44,,,,,
1272,锡,,（无）,,,,,
1273,硝,～石,l̥iu44,,,,,
1274,汞,水银,sui31ŋjin13,,,,,
1275,硫磺,,ljou13fan13,,,,,
1276,铅,,（无）,,,,,
1277,光,,kwan13,,,,,
1278,火焰,火苗,tʊ31miu13,,,,,
1279,火星子,,tʊ31l̥in44ty22,,,,,
1280,鬼火,,kwan44tʊ31,,,,,
1281,热火灰,,（无）,,,,,
1282,结,～冰,ky53,,,,,
1283,空气,,hji53,,,,,
1284,年轮,,（无）,,,,,
1285,泡沫,成团的，如肥皂～等,pho53my22,,,,,
1286,波浪,,lɔŋ31,,,,,
1287,漩涡,,（无）,,,,,
1288,瀑布,,（无）,,,,,
1289,泉,～水,（无）,,,,,
1290,蒸气,,tiu44hji53,,,,,
1291,污垢,,lian31,,,,,
1292,陷阱,,（无）,,,,,
1293,裂纹,,ʨhə53,,,,,
1294,锈,,l̥ən53,,,,,
1295,渣滓,,tso44,,,,,
1296,锅底灰,,ʨhaŋ44u44,,,,,
1297,从前,,l̥u44tau13,,,,,
1298,将来,,lən22kjaŋ53,,,,,
1299,最后,,tsui53ho22,,,,,
1300,古时候,,l̥o44tau13l̥o44tau13,,,,,
1301,子,鼠,（无）,,,,,
1302,丑,牛,（无）,,,,,
1303,寅,虎,（无）,,,,,
1304,卯,兔,（无）,,,,,
1305,辰,龙,（无）,,,,,
1306,巳,蛇,（无）,,,,,
1307,午,马,（无）,,,,,
1308,未,羊,（无）,,,,,
1309,申,猴,（无）,,,,,
1310,酉,鸡,（无）,,,,,
1311,戌,狗,（无）,,,,,
1312,亥,猪,（无）,,,,,
1313,春,,tshun44,,,,,
1314,夏,,ho22,,,,,
1315,秋,,thjou44,,,,,
1316,冬,,taŋ44,,,,,
1317,闰年,,vən22tjuŋ35,,,,,
1318,前几年,,nən22mo22kji13tjuŋ35,,,,,
1319,一月,,tsən44ŋjy22,,,,,
1320,二月,,ȵi22ŋjy22,,,,,
1321,三月,,l̥u44ŋjy22,,,,,
1322,四月,,l̥ei53ŋjy22,,,,,
1323,五月,,ŋ31ŋjy22,,,,,
1324,六月,,ly22ŋjy22,,,,,
1325,七月,,tha53ŋjy22,,,,,
1326,八月,,po53ŋjy22,,,,,
1327,十月,,ɕy22ŋjy22,,,,,
1328,十一月,冬月,sə22y53ŋjy22,,,,,
1329,月初,,（无）,,,,,
1330,月底,,（无）,,,,,
1331,月中,,（无）,,,,,
1332,闰月,,vən22la35,,,,,
1333,初一,,tshu44y53,,,,,
1334,初二,,tshu44ŋji31,,,,,
1335,初三,,ʦhu44l̥u44,,,,,
1336,初四,,tshu35l̥ei53,,,,,
1337,初五,,tshu44ŋ31,,,,,
1338,初十,,tshu44ɕy22,,,,,
1339,黎明,,（无）,,,,,
1340,今晚,,ne31io53,,,,,
1341,明晚,,l̥a44io53,,,,,
1342,昨晚,,i53mə22io53,,,,,
1343,一昼夜,,iə22no22iə22io53,,,,,
1344,两天以后,,u44no22i31ho22,,,,,
1345,三年以前,,py44tjuŋ35i31thjə13,,,,,
1346,空闲,,haŋ53hu13,,,,,
1347,过,～了两年,ko35,,,,,
1348,尝新节,,so13l̥in44,,so13l̥ən33ty53,,,
1349,方向,,huŋ44su53,,,,,
1350,东,,taŋ44,,,,,
1351,西,,l̥ə44,,,,,
1352,南,,nu31,,,,,
1353,北,,po31,,,,,
1354,房子后,,py31ko35kən44,,,,,
1355,房子前,,py31nən22mo31,,,,,
1356,房子外边,,py31kə22no35,,,,,
1357,门口,,kɔŋ13kə22no35,,,,,
1358,周围,,l̥ei53vji13,,,,,
1359,附近,,ku35ŋjiə31,,,,,
1360,隔壁,,（无）,,,,,
1361,河边,,haŋ31ku35iə31,,,,,
1362,角落,,ko53ko53,,,,,
1363,桶底,,thuŋ53tə35,,,,,
1364,正面,布、纸等的～,tsin53mə31,,,,,
1365,背面,布、纸等的～,py22mə31,,,,,
1366,半路,,nən31kou31,,,,,
1367,树干,,（无）,,,,,
1368,树根,,fo44kə22tjaŋ13,,,,,
1369,树蔸,,fo44kʊ44kʊ22,,,,,
1370,树梢,,̊fo44kə22tə22,,,,,
1371,树皮,,fo44ku35,,,,,
1372,树叶,,fo44mjuŋ13,,,,,
1373,树汁,,fo44tyʊ44,,,,,
1374,树枝,,fo44kjou31,,,,,
1375,树丫,,fo44tsho53,,,,,
1376,树墩,砍伐后剩下的树桩,（无）,,,,,
1377,树林,,fo44lin31,,,,,
1378,护林,看护树林,（无）,,,,,
1379,松针,,thaŋ31ɕy22mjuŋ13,,,,,
1380,松香,,thaŋ31ɕy22tyʊ44,,,,,
1381,梨树,,pi31fo44,,,,,
1382,李树,,pi31tʊ44fo44,,,,,
1383,桃树,,pə31kui13fo44,,,,,
1384,漆树,,thy53fo44,,,,,
1385,桐油树,,taŋ13iou13fo44,,,,,
1386,榕树,,jaŋ31fo44,,,,,
1387,樟树,,tsʊ44fo44,,,,,
1388,茶籽树,,tsho13pi22fo44,,,,,
1389,枫树,,nuŋ35mən13,,,,,
1390,棕树,,taŋ44ku35fo44,,,,,
1391,棕皮,,taŋ44ku35,,,,,
1392,椿树,,tshun44ŋo13fo44,,,,,
1393,桑树,,l̥uŋ44fo44,,,,,
1394,竹壳,,pi44kho53,,,,,
1395,竹节,,pi44ty53,,,,,
1396,竹丛,,pi44thaŋ53,,,,,
1397,箭秆竹,也称“箬竹”。叶子用于包粽子或做斗笠,l̥ə31ŋu31mjuŋ13,,,,,
1398,金竹,斑竹,kjin44ty53,,,,,
1399,冬笋,,taŋ44mja31,,,,,
1400,夭笋,生长到一定的时候，自己死了的笋,（无）,,,,,
1401,叶脉,,（无）,,,,,
1402,花瓣,,（无）,,,,,
1403,花蒂,,pən13tə53,,,,,
1404,金银花,,（无）,,,,,
1405,百合,野生,kyan31kjou13,,,,,
1406,黄栀子,果实可作黄色染料，也可入药,kwən13tsu44pi22,,,,,
1407,草丛,,thou35pjuŋ31,,,,,
1408,茅草,,ŋo44tsin44,,,,,
1409,草标儿,"用茅草打结儿而成,用于提醒别人物有所属",thou35pjou44,,,,,
1410,艾草,,ŋai31,,,,,
1411,巴芒草,,（无）,,,,,
1412,狗尾草,莠,kou22kə44tə22thou35,,,,,
1413,兰靛草,,tə31,,,,,
1414,鱼腥草,折耳根，可凉拌吃,huŋ13pei53njuŋ13,,,,,
1415,车前草,,mai35khə22mei31thou35,,,,,
1416,蕨,,io44sau44,,,,,
1417,蕨根,,kə44tjaŋ13,,,,,
1418,刺丛,,thau31pjuŋ31,,,,,
1419,猫爪刺,叶互生，叶面粗涩有绒毛，果实呈盏形，似草莓，色红，味甜，可食,（无）,,,,,
1420,芭蕉,,po44tiu44,,,,,
1421,芭蕉花,,po44tiu44pən13,,,,,
1422,杨梅,,jaŋ13my13,,,,,
1423,山楂,,（无）,,,,,
1424,野生葡萄,,io22y53,,,,,
1425,棯子,常绿灌木，叶互生，春季开白花，果似小坛子，夏熟，味甜，可食,（无）,,,,,
1426,枇杷,,（无）,,,,,
1427,橙子,俗名“广柑”,（无）,,,,,
1428,果核,,pi31kui53,,,,,
1429,仁儿,,（无）,,,,,
1430,壳,,kho53,,,,,
1431,浮萍,,fu13piu13,,,,,
1432,芦苇,,（无）,,,,,
1433,青苔,,thən44ta13,,,,,
1434,松菌,,thaŋ31ɕy22ŋou44,,,,,
1435,紫苏,,kə44pə44io44,,,,,
1436,薄荷,,（无）,,,,,
1437,八角,大料,po22ku22,,,,,
1438,水稻,,pui31,,,,,
1439,旱稻,泛指旱地上种的稻,tə35mjau13,,,,,
1440,早稻,,（无）,,,,,
1441,晚稻,,（无）,,,,,
1442,糯稻,,mjau13,,,,,
1443,籼稻,,（无）,,,,,
1444,穗儿,,l̥ui53,,,,,
1445,米,,thʊ31,,,,,
1446,糙米,,（无）,,,,,
1447,白米,旧时用碓等加工冲得较好的米,ky44tsʊ31,,,,,
1448,糠,,fei35,,,,,
1449,粗糠,谷壳,fei35,,,,,
1450,细糠,,fai35,,,,,
1451,秕谷,,phy53pui31,,,,,
1452,稗子,,pa31,,,,,
1453,麦子,,（无）,,,,,
1454,荞麦,,mə31,,,,,
1455,薏仁,,（无）,,,,,
1456,玉米须,,ta22to22l̥ui44,,,,,
1457,玉米秸,苞谷杆,ta22to22thaŋ31,,,,,
1458,玉米芯,,ta22to22tso44,,,,,
1459,苧麻,,（无）,,,,,
1460,蓖麻,,（无）,,,,,
1461,豆子,,pə31to22,,,,,
1462,豆芽,,pə31to22ŋo13,,,,,
1463,干豇豆,,nou31kɔŋ35pə31to22,,,,,
1464,扁豆,青扁,pə35pə31to22,,,,,
1465,饭豆,,a53pə31to22,,,,,
1466,四季豆,,l̥ei53tɕi53pə31to22,,,,,
1467,刀豆,,（无）,,,,,
1468,青菜,,mu13io33,,,,,
1469,芥菜,,io44ko35,,,,,
1470,白菜,,ky44io44,,,,,
1471,苋菜,,hu31io44,,,,,
1472,菜帮子,,（无）,,,,,
1473,菜籽儿,,io44pən35,,,,,
1474,蒜薹,,（无）,,,,,
1475,瓜,,ko44,,,,,
1476,瓜瓤,,（无）,,,,,
1477,葫芦,,fu22lu13,,,,,
1478,葫芦瓜,,fu22lu13ko44,,,,,
1479,冬瓜,,taŋ44ko44,,,,,
1480,苦瓜,,khu44lui31,,,,,
1481,丝瓜,有棱的,l̥ə44tuŋ31,,,,,
1482,西瓜,,l̥ə44ko44,,,,,
1483,魔芋,,su44to31fu22,,,,,
1484,红薯藤,,taŋ13sau13fə44,,,,,
1485,脚板薯,,tʊ35pu35sau13,,,,,
1486,茶籽,,tsho13pi31,,,,,
1487,花椒,,fo44tiu44,,,,,
1488,胡椒,,fu13tiu44,,,,,
1489,烟叶,,in44mjuŋ13,,,,,
1490,野兽,,（无）,,,,,
1491,象,大～,l̥iu53,,,,,
1492,狮子,,l̥y44ty22,,,,,
1493,豹子,,po53tʊ44,,,,,
1494,熊,,kui53,,,,,
1495,猿猴,,ŋjə44tiu44,,,,,
1496,麂,,kji22,,,,,
1497,鹿,,su44po13,,,,,
1498,豪猪,,thau31mai35,,,,,
1499,狼,,tsha31ko31,,,,,
1500,狐狸,,lə31,,,,,
1501,黄鼠狼,,to22fu22pən35,,,,,
1502,果子狸,,taŋ44,,,,,
1503,松鼠,,ljan44su31,,,,,
1504,竹鼠,,nji31hji44,,,,,
1505,鼠窝,,nji22kjo22vy22,,,,,
1506,水獭,,ŋ44tsho31,,,,,
1507,穿山甲,,kji22lin31,,,,,
1508,刺猬,,（无）,,,,,
1509,野猪,山猪,pa31tou44,,,,,
1510,野鸡,雉,io31kə44,,,,,
1511,野鸭,,io31ei53,,,,,
1512,野猫,,io31mjau31ku44,,,,,
1513,眼镜蛇,,tyʊ53hji53ȵi44,,,,,
1514,水蛇,,ŋ44ȵi44,,,,,
1515,草蛇,红头、无毒、常吃青蛙老鼠,thou35ȵi44,,,,,
1516,四脚蛇,蜥蜴,ɕy13sei44,,,,,
1517,蟒,蚺蛇,（无）,,,,,
1518,毒蛇,,tu13ȵi44,,,,,
1519,蛇蜕,,ȵi44ku35,,,,,
1520,蛇穴,,ȵi44khaŋ31,,,,,
1521,老鹰,,ta22pa44kun44,,,,,
1522,鹞鹰,,（无）,,,,,
1523,猫头鹰,,kui22ko44,,,,,
1524,大雁,天鹅,ky44nuŋ31,,,,,
1525,布谷鸟,,po53ku44nuŋ31,,,,,
1526,斑鸠,,pan44kjou44,,,,,
1527,鹧鸪,,（无）,,,,,
1528,秧鸡,,iu44nuŋ31,,,,,
1529,鹭鸶,,lu22l̥ə44,,,,,
1530,燕子,,in53tei35,,,,,
1531,啄木鸟,,tuŋ53fo44kən44,,,,,
1532,媒鸟,,my13nuŋ31,,,,,
1533,羽毛,,kə22ta31pja44,,,,,
1534,毛虫,,mau44ku44tjaŋ31,,,,,
1535,萤火虫,,jaŋ13tʊ31kən44,,,,,
1536,蚱蜢,蝗虫,kə44iu53,,,,,
1537,蟑螂,,l̥ou44ko31,,,,,
1538,蜘蛛网,,pa22l̥ei44mjuŋ31,,,,,
1539,蛀虫,啮蚀木头、衣服等的小虫,tsu44mə22kən44,,,,,
1540,瓢虫,半球形，背上有花纹,（无）,,,,,
1541,蜈蚣,,ŋji31kɔŋ44tsho44,,,,,
1542,蟋蟀,,thiu53kə44,,,,,
1543,螳螂,,pjan53tu22sei44,,,,,
1544,臭虫,,tsui35kən44,,,,,
1545,臭大姐,臭屁虫,kou22po53kən44,,,,,
1546,蜣螂,屎壳郎,ŋu35ko53kən44,,,,,
1547,蝗虫,,kə44iu53,,,,,
1548,卷叶虫,水稻的害虫,kwə35mjuŋ35kən44,,,,,
1549,蛔虫,,tjaŋ31kən44,,,,,
1550,蝼蛄,,thu31kou31,,,,,
1551,蠓,黑色小飞虫,kən44lə35,,,,,
1552,头虱,头上的,ma53tʊ31,,,,,
1553,牛虱,,ŋu13ma53tʊ31,,,,,
1554,鸡虱,,kə44mei13,,,,,
1555,虮子,虱子的卵,ma53tʊ31kou35,,,,,
1556,卵,,kou35,,,,,
1557,蛆,蝇类的幼虫,thui44,,,,,
1558,蜗牛,,khə22mei22kən44,,,,,
1559,蛞蝓,鼻涕虫,khə22mei22kən44,,,,,
1560,白蚁,,ky44kən44phə22,,,,,
1561,蛾子,,fi44fo44,,,,,
1562,蚂蚁洞,,kən44phə22taŋ31,,,,,
1563,黄蜂,黄色细腰,（无）,,,,,
1564,刺,蜜蜂的,thau31,,,,,
1565,蜂王,,kən44kwan13,,,,,
1566,蜂蜡,,ŋ22lu22,,,,,
1567,鳃,,l̥a44,,,,,
1568,鱼鳔,,my22pho53,,,,,
1569,鱼鳍,,my22ȵi44,,,,,
1570,鱼子,鱼卵,my22kou35,,,,,
1571,鱼刺,,my22thau31,,,,,
1572,鲇鱼,,（无）,,,,,
1573,鳝鱼,黄鳝,my22ȵi44,,,,,
1574,泥鳅,,my22thjiu44,,,,,
1575,乌龟,,u44kui44,,,,,
1576,螺蛳,,tə22lu22,,,,,
1577,蚌,,paŋ31pu13,,,,,
1578,蚂蝗,,kən44mi31,,,,,
1579,田鸡,田里的蛙类,kən31lo13,,,,,
1580,石蛙,"生活在山溪里,味美",pa22kən22,,,,,
1581,青蛙,长腿的,pa22kən22,,,,,
1582,蝌蚪,,ei53tou44kən44,,,,,
1583,螯,螃蟹～,paŋ13hai31iu35,,,,,
1584,塞,～老鼠洞,l̥a53,,,,,
1585,畜牲,,tshu31sə44,,,,,
1586,公马,,kaŋ44mo31,,,,,
1587,母马,未下子的,ma53mo31,,,,,
1588,马驹,,mo31tʊ44,,,,,
1589,马鬃,,mo31taŋ44,,,,,
1590,水牛,,sui31ŋu13,,,,,
1591,黄牛,,ŋu13,,,,,
1592,公牛,阉过的,iə22ŋu13,,,,,
1593,母牛,未下子的,ma53ŋu13,,,,,
1594,牛犊,,ŋu13tʊ44,,,,,
1595,牛角,,ŋu13ku44ku44,,,,,
1596,牛皮,,ŋu13ku35,,,,,
1597,牛蹄,,ŋu13tə13,,,,,
1598,牛圈,牛栏,ŋu13lʊ13,,,,,
1599,山羊,,jaŋ13,,,,,
1600,羔羊,,iaŋ13tʊ44,,,,,
1601,母猪,未下子的,ma53mai35,,,,,
1602,猪菜,,mai35io35,,,,,
1603,猪食,,ŋ44mai35,,,,,
1604,泔水,,ŋ44mai35,,,,,
1605,下,母猪～小猪,l̥ou31,,,,,
1606,母狗,未下子的,ma53kou22,,,,,
1607,小狗,,kou22tʊ44,,,,,
1608,猎狗,,khuŋ35kou22,,,,,
1609,疯狗,,tə22kou22,,,,,
1610,狗窝,,kou22vy31,,,,,
1611,母鸡,未下蛋的,kə35tsu53,,,,,
1612,小鸡,,l̥ə53kə44,,,,,
1613,骟鸡,阉鸡,iə44kə44,,,,,
1614,鸡冠,,kə44ku44,,,,,
1615,鸡嗉子,,kə44l̥ui53,,,,,
1616,鸡尾,,kə44kə22tə31,,,,,
1617,鸡窝,,kə44vy22,,,,,
1618,鸬鹚,家养，用来捕鱼,lu22thy31,,,,,
1619,城市,,səŋ13,,,,,
1620,地基,,ti22kji44,,,,,
1621,堂屋,,kə22təŋ13,,,,,
1622,洗澡房,,tai22sjin44ku44pu35,,,,,
1623,木房,,fo44py22,,,,,
1624,瓦房,,ŋo31py22,,,,,
1625,砖房,,tsə44py22,,,,,
1626,杉皮房,木皮盖的,fo44ku35py22,,,,,
1627,草棚,,thou35liu35,,,,,
1628,房脊,,py22ty53,,,,,
1629,房顶,,py22ty53,,,,,
1630,房檐,,py22iə13,,,,,
1631,走廊,,（无）,,,,,
1632,楼板,,lo13phə35,,,,,
1633,楼梯,,thə44,,,,,
1634,椽子,,ŋo31lo22,,,,,
1635,梁,,lyʊ13,,,,,
1636,楼,暗～子,（无）,,,,,
1637,烟囱,,in44thaŋ44,,,,,
1638,火塘,,tou31tɔŋ13,,,,,
1639,门,,kɔŋ13,,,,,
1640,门扣,,kɔŋ13khou53,,,,,
1641,门框,,（无）,,,,,
1642,门柱子,闩,kɔŋ13tə44,,,,,
1643,墙壁,,ku22pi13 ȵaŋ31,,,,,
1644,板壁,,ku22pi13,,,,,
1645,木板,板子,phə35,,,,,
1646,篾条,,ȵou35,,,,,
1647,篾白,,ȵou35ky44,,,,,
1648,篾青,,ȵou35thən44,,,,,
1649,篱笆,,li13po31,,,,,
1650,台阶,,ta13ka44,,,,,
1651,水笕,引水工具,kə35,,,,,
1652,井,,tən31,,,,,
1653,桥,,kjiu13,,,,,
1654,桥墩,,kjiu13tən31,,,,,
1655,石桥,,ɕy22pu44kjiu13,,,,,
1656,独木桥,,to22mə22kjiu13,,,,,
1657,牢,监狱,laŋ13,,,,,
1658,窑,,iu13,,,,,
1659,薯窑,,（无）,,,,,
1660,凉亭,,lio13təŋ13,,,,,
1661,人家,住家,no13py22,,,,,
1662,被面,,pui44mə31,,,,,
1663,被里,被单,pui44li31,,,,,
1664,毯子,,thou22,,,,,
1665,篾席,,pi44ȵaŋ44,,,,,
1666,四方桌,,l̥ei53huŋ44ta22pu13,,,,,
1667,圆桌,,lun44ta22pu13,,,,,
1668,箱子,,l̥io44,,,,,
1669,灯,,taŋ44,,,,,
1670,灯芯,,taŋ44l̥in44,,,,,
1671,灯罩,,taŋ44tsau53,,,,,
1672,电灯,,tə22taŋ44,,,,,
1673,长凳,,nou22tən53,,,,,
1674,草墩,用稻草编的坐具,ŋei31ha22paŋ44,,,,,
1675,工具,,（无）,,,,,
1676,刀,,ȵi13,,,,,
1677,刀背,,ȵi13kə22ko22,,,,,
1678,刀刃,,ȵi13lau13,,,,,
1679,刀把儿,,ȵi13pən53,,,,,
1680,刀架,,ȵi13ko53,,,,,
1681,刀鞘,,ȵi13kwaŋ44,,,,,
1682,尖刀,,tə22kə22tə22ȵi13,,,,,
1683,柴刀,,ko44tou44,,,,,
1684,剃头刀,,thə35tou44,,,,,
1685,磨刀石,,hau31ȵi13vy44,,,,,
1686,桶,水桶,thuŋ53,,,,,
1687,大桶,用于洗澡的大木桶,liu22kə22thuŋ53,,,,,
1688,箍儿,,ku44,,,,,
1689,瓮,酒瓮,əŋ53,,,,,
1690,水缸,,sui22kɔŋ44,,,,,
1691,水槽,蓄水用的木槽,ŋ44thau13,,,,,
1692,贮水槽,指泡菜坛子自带的贮水槽,ə44kɔŋ44,,,,,
1693,水筒,竹筒制成，供舀水用,ŋ44 kə44tshu31,,,,,
1694,射水筒,儿童玩具，用竹筒制成，能滋水，原理与打气筒同,ŋ44tshaŋ53,,,,,
1695,叉子,,tsho44,,,,,
1696,铲子,,tshu35ʦhu35,,,,,
1697,罐子,,（无）,,,,,
1698,杯子,,kə22ou44,,,,,
1699,茶杯,,kji22kə44ou44,,,,,
1700,酒杯,,tiu31kə44ou44,,,,,
1701,茶盘,,kji22pɔŋ13,,,,,
1702,壶,,fu13,,,,,
1703,茶壶,,kji22fu13,,,,,
1704,酒壶,,tiu31fu13,,,,,
1705,塞子,瓶～,ka53,,,,,
1706,砧板,,tsin44pu22,,,,,
1707,铁锅,,a53kə44tɔŋ31,,,,,
1708,炒菜锅,,kə44vən31,,,,,
1709,鼎锅,,kə44tuŋ31,,,,,
1710,锅铲,,tshu35ɕi13,,,,,
1711,锅耳,,ku31ȵi22,,,,,
1712,锅盖,,kən22,,,,,
1713,盒子,,hu13hu13,,,,,
1714,蒸笼,,（无）,,,,,
1715,甑子,,kə22tsu35,,,,,
1716,甑箅子,,（无）,,,,,
1717,饭碗,,kə44faŋ44,,,,,
1718,菜碗,,io44kə44faŋ44,,,,,
1719,竹碗,竹制（也有用木制的），一般多为小孩使用,mə31ou44,,,,,
1720,竹饭盒,,（无）,,,,,
1721,碗柜,,（无）,,,,,
1722,筷子头,夹菜那个部位,tshu22pə22ljo44,,,,,
1723,筷筒,,tshu22kə44lou44,,,,,
1724,盘子,,pɔŋ13ty22,,,,,
1725,碟子,,tə22ty22,,,,,
1726,勺子,,piu13kən44,,,,,
1727,饭勺,盛饭用,a53ɕi13,,,,,
1728,饭锹,盛饭用具，木制，形似铁锹,a53ɕi13,,,,,
1729,笊篱,,（无）,,,,,
1730,瓜刨,用来去瓜皮等的工具,（无）,,,,,
1731,漏斗,,lou13tou53,,,,,
1732,酒提,,tiu31tə13,,,,,
1733,酒筒,竹筒制成，只有一个小洞出入,tiu31kʊ44kʊ22,,,,,
1734,洗锅刷,丝瓜瓤,kə44tuŋ13tso44,,,,,
1735,端锅布,,tɕhə44po44,,,,,
1736,抹布,,（无）,,,,,
1737,盆,,kə44pən13,,,,,
1738,脚盆,,tei31tʊ35kə44pən13,,,,,
1739,炉子,,lu13ty22,,,,,
1740,风箱,,tsho35lu13,,,,,
1741,吹火筒,,phy44tʊ31taŋ22,,,,,
1742,生柴,,sə44tɕhin13,,,,,
1743,干柴,,khei31tɕhin13,,,,,
1744,棒棒柴,从长条柴火上截下的一段段柴火,laŋ53tɕhin13,,,,,
1745,枝桠柴,,tsho44o44tɕhin13,,,,,
1746,劈柴,名词，呈片状的柴,pho35tɕhin13,,,,,
1747,柴火头,烧剩下的一段柴火,tɕhin13 ha22kho53,,,,,
1748,木渣子,砍树劈柴剩下的碎木块,nuŋ35tso44,,,,,
1749,锯末,,nuŋ35my44,,,,,
1750,火石,,pə22ɕy22vy44,,,,,
1751,火把,,pə22tso35tʊ31,,,,,
1752,灯笼,,taŋ44laŋ13,,,,,
1753,火笼,烤火用,tʊ13laŋ13,,,,,
1754,火盆,,tʊ13pan13,,,,,
1755,火钳,,thə22ŋo31,,,,,
1756,扒火棍,,（无）,,,,,
1757,三脚架,,tɕhə44kjo53,,,,,
1758,食槽,,（无）,,,,,
1759,篮子,,kə44lan44,,,,,
1760,提手,,kə22lən44iu22,,,,,
1761,竹扫帚,,pi44l̥ou53pə22ȵaŋ44,,,,,
1762,赶鸡棍,将竹竿的一端破成小条，摇动时能发出响声借以驱赶家禽,（无）,,,,,
1763,竹竿,,luŋ22kɔŋ44,,,,,
1764,竹筒,,pi44taŋ31,,,,,
1765,桩子,钉在地上的木棍或石柱,tsɔŋ44ty22,,,,,
1766,钩子,,ko44ko44,,,,,
1767,草绳,,thou35lei35,,,,,
1768,麻绳,,ma35lai35,,,,,
1769,棕绳,,taŋ44ku35lai35,,,,,
1770,缰绳,,（无）,,,,,
1771,链子,,lin22ty31,,,,,
1772,杵,舂～,tau22ŋu44pja31,,,,,
1773,包袱,,po44fu13,,,,,
1774,麻袋,,ma13laŋ31tja31,,,,,
1775,钟,,tsaŋ44,,,,,
1776,玻璃,,po44li13,,,,,
1777,镜子,,tɕiu53min22pai13,,,,,
1778,篦子,,pi22,,,,,
1779,扇子,,sə53,,,,,
1780,楔子,,tə44,,,,,
1781,漆,,thy53,,,,,
1782,颜料,,（无）,,,,,
1783,米筒,用来量米的,ljiu13thou22ku44ku22,,,,,
1784,斗,名词,to35,,,,,
1785,尺子,,tɕhy53,,,,,
1786,钓竿,,tiu53kʊ44,,,,,
1787,网,,mjuŋ31,,,,,
1788,鱼叉,,my22tsho44,,,,,
1789,鱼篓,装鱼具,my22tui44,,,,,
1790,鱼笱,竹制的捕鱼具，口小且有倒须，鱼进去出不来,（无）,,,,,
1791,鱼梁,竹制的平面捕鱼具，往往摆放在水流湍急处，鱼游过时被搁浅在器具上,my22ljio35,,,,,
1792,鱼钩,,my22ko44,,,,,
1793,钓线,,tiu33my22l̥ei33,,,,,
1794,锯子,,kji53,,,,,
1795,凿子,,thou22,,,,,
1796,锉,,thou53,,,,,
1797,锥子,,tsui22ty22,,,,,
1798,钻子,,tuŋ53,,,,,
1799,刨子,,po31,,,,,
1800,墨斗,,mə22tou31,,,,,
1801,木马,,mu22mo31,,,,,
1802,铁夹,捕兽用的夹子,yʊ35yʊ35,,,,,
1803,套索,捕兽用的绳套,thou53,,,,,
1804,石板套子,将石板支撑起来的捕鼠工具,（无）,,,,,
1805,圈套,,tɕhyn44thau53,,,,,
1806,弓,,kaŋ44,,,,,
1807,弩,,nu31,,,,,
1808,箭,,tjən53,,,,,
1809,剑,,（无）,,,,,
1810,枪,,tshaŋ53,,,,,
1811,鸟枪,,nuŋ31tshaŋ53,,,,,
1812,枪膛,,（无）,,,,,
1813,铜帽,鸟枪上发火用的帽状物,pa22kə44tso35,,,,,
1814,扳机,鸟枪上的,（无）,,,,,
1815,炮,,pho53,,,,,
1816,炸弹,,（无）,,,,,
1817,子弹,,mo22ty22,,,,,
1818,火药,,l̥iu44,,,,,
1819,铁砂,,so44,,,,,
1820,鞍子,,u44,,,,,
1821,马笼头,,mo22luŋ13to13,,,,,
1822,鞭子,,pjan44ty22,,,,,
1823,织布机,,pu53kji44,,,,,
1824,纺车,,fjuŋ31tsho44,,,,,
1825,梭子,,l̥u44ty22,,,,,
1826,顶针,,（无）,,,,,
1827,线,,fu22,,,,,
1828,轿子,,kjiu31,,,,,
1829,车,,tsho44,,,,,
1830,牛车,,（无）,,,,,
1831,木车,,（无）,,,,,
1832,船,,ŋan44,,,,,
1833,船桨,,（无）,,,,,
1834,舵,,（无）,,,,,
1835,篙子,撑船用的竹竿,（无）,,,,,
1836,木筏,,（无）,,,,,
1837,飞机,,nji35kə44,,,,,
1838,烟斗,旱～,in44taŋ31,,,,,
1839,拐杖,,tɕhə53kou22pja31,,,,,
1840,电池,,tə22iu13,,,,,
1841,布,,no44,,,,,
1842,麻布,,ma13no44,,,,,
1843,幅面,专指布匹,（无）,,,,,
1844,绸子,,l̥ei44tshou13,,,,,
1845,丝,,l̥ei44,,,,,
1846,丝线,,l̥ei44fu22,,,,,
1847,纱,,so44,,,,,
1848,头绳,,（无）,,,,,
1849,单衣,,tou44ʊ22,,,,,
1850,夹衣,,sɔŋ44ʊ22,,,,,
1851,长衫,,nou31ʊ22,,,,,
1852,大襟衣,,（无）,,,,,
1853,对襟衣,,ty31khou53ʊ22,,,,,
1854,上衣,,（无）,,,,,
1855,衣襟,,ʊ44kə44tə22,,,,,
1856,衣领,,ʊ22ləŋ31,,,,,
1857,衣边儿,,（无）,,,,,
1858,衣镶边儿,,（无）,,,,,
1859,衣筋,衣服的缝合处,（无）,,,,,
1860,腰带,,tja31,,,,,
1861,带子,绣花带、棉纱带,ta53,,,,,
1862,穗儿,装在衣服或头饰上的穗装饰物,（无）,,,,,
1863,裤腰,,（无）,,,,,
1864,裤带,,khu53ta13,,,,,
1865,裤裆,,khu53tuŋ44,,,,,
1866,裙子,,tə44,,,,,
1867,花裙,,pən13tə44,,,,,
1868,裙带,丝线织成,tə44ta53,,,,,
1869,纽子,,khou53,,,,,
1870,扣眼儿,,khou53ŋo31,,,,,
1871,头巾,女的,ha22kho53no44,,,,,
1872,帕子,男的,tja31,,,,,
1873,手套,,thou31laŋ13,,,,,
1874,裹腿,,kə44pei44no44,,,,,
1875,鞋底,,hai13tə35,,,,,
1876,草鞋,,thou31hai13,,,,,
1877,草鞋耳,,thou31hai13ȵi31,,,,,
1878,木拖鞋,,pu35hai13,,,,,
1879,布鞋,,pu53hai13,,,,,
1880,皮鞋,,ku35hai13,,,,,
1881,球鞋,,kjau35hai13,,,,,
1882,襻,,phan53phan53,,,,,
1883,背带,背小孩用,pi22ma53,,,,,
1884,襁褓,背被，背小孩用,pi22ma53,,,,,
1885,围嘴儿,,（无）,,,,,
1886,草帽,,thou35mou31,,,,,
1887,斗笠,,kə44ko53,,,,,
1888,蓑衣,,l̥ou44i44,,,,,
1889,薄膜,塑料制成的，遮风挡雨用,ȵi22luŋ13,,,,,
1890,簪子,,（无）,,,,,
1891,耳环,,khyn31,,,,,
1892,项圈,,（无）,,,,,
1893,项链,,（无）,,,,,
1894,珠子,,（无）,,,,,
1895,手表,,thou31piu31,,,,,
1896,眼镜儿,,ŋo31tɕiu53,,,,,
1897,发髻,,（无）,,,,,
1898,行李,,（无）,,,,,
1899,民族服装,,（无）,,,,,
1900,汉装,,（无）,,,,,
1901,新娘装,,（无）,,,,,
1902,新郎装,,（无）,,,,,
1903,凤冠,女子出嫁时头戴的礼帽,（无）,,,,,
1904,饭,,a53,,,,,
1905,早饭,,ka22thaŋ13a53,,,,,
1906,午饭,,nən22no44a53,,,,,
1907,晚饭,,pja53a53,,,,,
1908,玉米饭,,ta22to22a53,,,,,
1909,红薯饭,,taŋ13sau13a53,,,,,
1910,夹生饭,半生不熟的,ko22sə44a53,,,,,
1911,饭粒,,（无）,,,,,
1912,米汤,,man53a53ŋ44,,,,,
1913,饭皮,大米饭冷却后表面结成的一层硬皮,（无）,,,,,
1914,锅巴,,tiu44piu13,,,,,
1915,糊味,,tiu44mi22,,,,,
1916,米粉,,thou31mo22,,,,,
1917,粉条,,（无）,,,,,
1918,糍粑,,ŋu31,,,,,
1919,米花糖,,thou31fo44tuŋ13,,,,,
1920,糕,,ko44,,,,,
1921,糖,,tuŋ13,,,,,
1922,红糖,,（无）,,,,,
1923,白糖,,iou44tuŋ13,,,,,
1924,饼,,pən31,,,,,
1925,月饼,,（无）,,,,,
1926,果子,,pi22tʊ44,,,,,
1927,红薯干儿,,khei31taŋ13sau13,,,,,
1928,夹生红薯,半生不熟的,ə53sə44ŋ13sjin31taŋ13sau13,,,,,
1929,酸菜,,so44io44,,,,,
1930,豆腐干,,khei31to22fu22,,,,,
1931,豆腐乳,,to31fu44iu53,,,,,
1932,肉,食用,pə44,,,,,
1933,瘦肉,,sou35pə44,,,,,
1934,腊肉,,la13pə44,,,,,
1935,鸡爪子,,kə44tso35,,,,,
1936,鸡肫,胃,kə44sən22,,,,,
1937,咸鱼,,hu13my22,,,,,
1938,干鱼,,khei22my22,,,,,
1939,鲊,放在坛里腌制的鱼肉等,（无）,,,,,
1940,蛋,,kou35,,,,,
1941,鸭蛋,,ə31kou35,,,,,
1942,鸟蛋,,nuŋ31kou35,,,,,
1943,蛋黄,,kou35kwən13,,,,,
1944,蛋清,,kou35ky44,,,,,
1945,蛋壳,,kou35kho53,,,,,
1946,双黄蛋,,（无）,,,,,
1947,寡蛋,孵不出小鸡的蛋,kwa22kou35,,,,,
1948,软蛋,,ŋo22kou35,,,,,
1949,汤,,ŋ44,,,,,
1950,油,动物的,iu13,,,,,
1951,油,植物、矿物提炼的,iu13,,,,,
1952,茶油,,tsho13iu13,,,,,
1953,油渣,,iu13tso44,,,,,
1954,豆豉,,to31sji22,,,,,
1955,酱,,twʊ53,,,,,
1956,碱水,,（无）,,,,,
1957,烟卷儿,,kwə35in44,,,,,
1958,烟丝,,in44l̥ei44,,,,,
1959,酒,,tiu31,,,,,
1960,酒娘,酒糟里自然渗出的汁水，初味甜，久之则味苦,tiu31ma53,,,,,
1961,米酒,,thʊ44tiu31,,,,,
1962,红薯酒,,taŋ13sau13tiu31,,,,,
1963,酒曲,酒药,tiu31pan35,,,,,
1964,酒糟,,tiu31tso44,,,,,
1965,牛奶,,ŋu12mu44,,,,,
1966,饭包,到远处干活时，因不能回家吃午饭，而携带的打包的午饭,tsuŋ44a53,,,,,
1967,熏,～肉,（无）,,,,,
1968,腌,～鱼,iə22,,,,,
1969,煮,～肉,ty22,,,,,
1970,滋味,,mi22tau31,,,,,
1971,身体,,kə22sjin44,,,,,
1972,花辫,,（无）,,,,,
1973,白发,,ky44ha22pja44,,,,,
1974,头顶,,（无）,,,,,
1975,脑髓,,nou31l̥ui31,,,,,
1976,太阳穴,,（无）,,,,,
1977,囟门,,hji53kɔŋ13,,,,,
1978,瞳仁,,kji53mo22ŋjin13,,,,,
1979,睫毛,,kji53mo22pja44,,,,,
1980,眼屎,,kji53mo22ko22,,,,,
1981,耳屎,,kə44my13ko22,,,,,
1982,耳穴,,kə44my13khaŋ22,,,,,
1983,耳垂,,（无）,,,,,
1984,鼻梁,,khə22mei22liu13,,,,,
1985,鼻尖,,khə22mei22tə44,,,,,
1986,鼻孔,,khə44mei22khaŋ22,,,,,
1987,人中,,nɔ13tsaŋ44,,,,,
1988,颧骨,,（无）,,,,,
1989,腮帮子,,ho22l̥a44,,,,,
1990,酒窝儿,,（无）,,,,,
1991,舌尖,,kə44mi22tə44,,,,,
1992,舌根,,kən44kə44mi22,,,,,
1993,小舌,,l̥ə53kə44mi22,,,,,
1994,牙龈,,（无）,,,,,
1995,门齿,,mən13ŋo13,,,,,
1996,臼齿,,ta22ŋo13,,,,,
1997,犬齿,,kou22ŋo13,,,,,
1998,虎牙,暴牙,po44ŋo13,,,,,
1999,上颚,,ŋo13ko53,,,,,
2000,喉结,,l̥uŋ53puŋ35pi22,,,,,
2001,后颈窝,,ho22kə44kaŋ31,,,,,
2002,膈肢窝,,kji35kə22tsu35,,,,,
2003,手掌,,thou31tsu35,,,,,
2004,手掌纹,,thou31van31,,,,,
2005,手心,,thou31l̥in44,,,,,
2006,手背,,thou31kə44ko22,,,,,
2007,手腕子,,thou31kə44kaŋ31,,,,,
2008,手脉,,thou31mə22,,,,,
2009,六指,,tjo35tiu13thou31tʊ22,,,,,
2010,指纹,,（无）,,,,,
2011,斗,圆形指纹,thun31,,,,,
2012,箕,长形指纹,（无）,,,,,
2013,虎口,大拇指、食指间的手叉,tsu31lau35,,,,,
2014,肘,,thou31kui22,,,,,
2015,奶头,,mu44tya31,,,,,
2016,奶汁,,mu44,,,,,
2017,胸脯,,fo31sən44,,,,,
2018,心脏,心,fo31sən44,,,,,
2019,肺,,phou53,,,,,
2020,胃,,thjo44,,,,,
2021,腰,,ko31,,,,,
2022,肝,,sən44,,,,,
2023,胆,苦～,tɕi44,,,,,
2024,脾,,（无）,,,,,
2025,肾,腰子,iou44pi31,,,,,
2026,肠子,,huŋ22tu44,,,,,
2027,盲肠,岔肠,tso53huŋ22,,,,,
2028,膀胱,尿泡,va22phʊ44,,,,,
2029,大腿,,ta22kə22pei44,,,,,
2030,小腿,,l̥ə53kə44pei44,,,,,
2031,腿肚子,,tu35kə44pei44,,,,,
2032,脚掌,,tʊ35pu35,,,,,
2033,脚心,,tʊ35pu35l̥in44,,,,,
2034,脚背,,tʊ35kə44ko22,,,,,
2035,脚指头,,tʊ35tʊ44pi22,,,,,
2036,脚后跟,,tʊ35kə22tsə44,,,,,
2037,脚踝,脚上两旁突起的骨头,tʊ35kjin53mə22,,,,,
2038,睾丸,,ti22kou35,,,,,
2039,骨头,,thaŋ22,,,,,
2040,骨节,关节,ty53thaŋ22,,,,,
2041,骨髓,,thaŋ22lui44,,,,,
2042,头盖骨,,thə44lən22ka53,,,,,
2043,肩胛骨,,fu22sji13thaŋ22,,,,,
2044,脊椎骨,,kə44ko22thaŋ22,,,,,
2045,肋骨,,lo31pən44thaŋ22,,,,,
2046,软骨,,thy53thaŋ22,,,,,
2047,筋,,kjin44,,,,,
2048,脉搏,,mə22,,,,,
2049,血,,tshun31,,,,,
2050,血管,,tshun31kjin44,,,,,
2051,肌肉,,pə44,,,,,
2052,皮肤,,ku35,,,,,
2053,毛,,pja44,,,,,
2054,寒毛,汗毛,khjaŋ53pja44,,,,,
2055,汗,,khjaŋ53,,,,,
2056,鸡皮疙瘩,人寒冷时皮肤上起的疙瘩,（无）,,,,,
2057,雀斑,皮肤上的黑色细点,pan44,,,,,
2058,尿,,va22,,,,,
2059,屎,,ko31,,,,,
2060,屁,,kou44po53,,,,,
2061,印记,婴儿臀部青印,in53kji53,,,,,
2062,皱纹,,ȵou53,,,,,
2063,倒刺,指甲下方的翻起的小皮,tou53thən44,,,,,
2064,力气,,hji53fu22,,,,,
2065,裸体,,tɕhy53ɕin44,,,,,
2066,赤脚,,tɕhy53tʊ35,,,,,
2067,伤,,sʊ44,,,,,
2068,晕,头～,maŋ31,,,,,
2069,酸,腿～,so44,,,,,
2070,花,眼～了,fo44,,,,,
2071,瞎,～眼睛,kho53mo22,,,,,
2072,出,～水痘,tan35,,,,,
2073,泻,～肚子,l̥jo53,,,,,
2074,浮肿,,aŋ35,,,,,
2075,发炎,,fo53khʊ44,,,,,
2076,发痧,,̊fo53so44,,,,,
2077,抽筋,,tshou44kjin44,,,,,
2078,瘸,～了,pai22,,,,,
2079,传染,,tshuan13ŋjə53,,,,,
2080,肉瘤,,（无）,,,,,
2081,脚癣,,tʊ35l̥un31,,,,,
2082,疮,,thən44,,,,,
2083,疥疮,,（无）,,,,,
2084,冻疮,,aŋ53taŋ53,,,,,
2085,痱子,,fji53,,,,,
2086,粉刺,痤疮,（无）,,,,,
2087,麦粒肿,,kə44suŋ22tsui44,,,,,
2088,痰,,ŋ44mi22,,,,,
2089,脓,,sjin22pu31,,,,,
2090,黄水,伤口流～,kwən13ŋ44,,,,,
2091,水泡,皮肤因摩擦而起的泡,ŋ33pho53,,,,,
2092,麻疹,,nau35,,ma13,,,
2093,天花,,（无）,,,,,
2094,麻风,,ma13fəŋ44,,,,,
2095,癫痫,,jaŋ13tə44kji35,,,,,
2096,腮腺炎,,tsu44tou13pu13,,,,,
2097,大脖子,,tyʊ53po35,,,,,
2098,洋子,淋巴结,jaŋ13ty22,,,,,
2099,夜盲症,,kə44mjuŋ31,,,,,
2100,白翳,,（无）,,,,,
2101,肺病,,lo13pən31,,,,,
2102,哮喘病,,hji53tsho44pən31,,,,,
2103,尿痛病,,（无）,,,,,
2104,梅毒,,jaŋ13my13thən44,,,,,
2105,发疯,,fo53tə44,,,,,
2106,发酒疯,,fo53tiu31tə44,,,,,
2107,鞭痕,,（无）,,,,,
2108,灼痕,用灯草、艾等灸后留下的痕迹,po44,,,,,
2109,治,～病,tsən35,,,,,
2110,抹,～药,tho53,,,,,
2111,药,,ljo44,,,,,
2112,草药,,thou35ljo44,,,,,
2113,毒药,,tu13ljo44,,,,,
2114,损伤药,治跌打损伤,sʊ44ljo44,,,,,
2115,补药,,pu35ljo44,,,,,
2116,凉药,,thy53liu13ljo44,,,,,
2117,药末,,ljo44my22,,,,,
2118,药丸,,（无）,,,,,
2119,办酒席,,pʊ22tiu31,,,,,
2120,送亲的客人,,l̥aŋ35thin44kə22,,,,,
2121,接亲的客人,,ty53thin44kə22,,,,,
2122,伴娘,,puŋ31i35,,,,,
2123,伴郎,,（无）,,,,,
2124,回门,出嫁女子第一次回娘家,fei35mən35,,,,,
2125,招赘,招女婿,so44tin44kjin31,,,,,
2126,入赘,上门女婿,suŋ31so53,,,,,
2127,礼物,,li31,,,,,
2128,爱人,,（无）,,,,,
2129,胎儿,,tha44,,,,,
2130,胞衣,胎盘,po44i44,,,,,
2131,脐带,,thjə13ta53,,,,,
2132,生,～孩子,l̥ou22,,,,,
2133,喂,～奶,vji35,,,,,
2134,摇篮,,ŋou13lan44,,,,,
2135,三朝,小孩出生第三天举办的洗礼活动，目的是告诉祖宗添丁了,l̥u44ty44,,,,,
2136,改嫁,,kai22ko53,,,,,
2137,报丧,,fu35thin44,,,,,
2138,寿衣,,ɕiu22ʊ22,,,,,
2139,寿布,,ɕiu22no44,,,,,
2140,戴孝,,ta53hou53,,,,,
2141,孝男,,hou53nu22,,,,,
2142,孝女,,hou53ny22,,,,,
2143,尸体,,ɕi44thi31,,,,,
2144,抬棺材的人,,（无）,,,,,
2145,埋葬,,mai13,,,,,
2146,二次葬,,（无）,,,,,
2147,超度,,tshau44tu22,,,,,
2148,打斋,,（无）,,,,,
2149,碑,,pui44,,,,,
2150,拜,～菩萨,pa53,,,,,
2151,法术,,fu13fo31,,,,,
2152,邪法,,（无）,,,,,
2153,鬼,,kun44,,,,,
2154,魂魄,,fən22phə22,,,,,
2155,神,,sən13,,,,,
2156,家先,,ko44l̥ə44,,,,,
2157,雷公,,kuŋ35kuaŋ31,,,,,
2158,龙,,ljaŋ13,,,,,
2159,龙王,,（无）,,,,,
2160,玉帝,,（无）,,,,,
2161,土地爷,,thu31ti22,,,,,
2162,社日,,tsho31,,,,,
2163,社王,,tsho31kun13,,,,,
2164,庙王,,miu31kun13,,,,,
2165,花娘,,（无）,,,,,
2166,王母娘娘,,（无）,,,,,
2167,人熊婆,苗瑶神话故事的人物,pən53py13pa13,,,,,
2168,伏羲姊妹,,（无）,,,,,
2169,巫师,,（无）,,,,,
2170,巫婆,,（无）,,,,,
2171,算命先生,,l̥uŋ53mən22l̥in44sə44,,,,,
2172,风水先生,,huŋ44sui22l̥in44sə44,,,,,
2173,命,,mən22,,,,,
2174,福气,,hu13hji53,,,,,
2175,脚印,,tʊ35in31,,,,,
2176,影子,,in31ty22,,,,,
2177,念,～经,hə22,,,,,
2178,斋,吃～,tsa44,,,,,
2179,神龛,,（无）,,,,,
2180,神像,,sən13l̥ju53,,,,,
2181,香炉,,sʊ44lʊ13,,,,,
2182,香,,khjiʊ44,,,,,
2183,纸马,,（无）,,,,,
2184,祭品,,ly35tə53kə44taŋ44l̥ə44,,,,,
2185,卜卦,,no53ko53,,,,,
2186,筶,用竹片等制成的占卜工具,ko53,,,,,
2187,保筶,用筶占卜时，一块朝上，一块朝下,（无）,,,,,
2188,阴筶,用筶占卜时，筶面朝下,（无）,,,,,
2189,阳筶,用筶占卜时，筶面朝上,（无）,,,,,
2190,法刀,巫师或道士用来斩妖的法宝,（无）,,,,,
2191,经书,,（无）,,,,,
2192,罪,,thy22,,,,,
2193,犯煞,,fu22so53,,,,,
2194,秽,迷信者认为不洁,（无）,,,,,
2195,做道场,,ŋo35tou31tshu13,,,,,
2196,喃神,,（无）,,,,,
2197,供神,,kjaŋ53kun44,,,,,
2198,驱鬼,,khuŋ35kun44,,,,,
2199,放蛊,,tsaŋ35ku22,,,,,
2200,招魂,,tɕiu44fən13,,,,,
2201,还愿,,kwa31ŋjyn31,,,,,
2202,祈福,,（无）,,,,,
2203,人丁兴旺,,no13tin44hjin31van53,,,,,
2204,五谷丰登,,ŋ31ko31huŋ44taŋ44,,,,,
2205,八字,时辰～,po31thy22,,,,,
2206,合命,,ho13mən31,,,,,
2207,看日子,,maŋ35no44juŋ31,,,,,
2208,本事,,pon31l̥y22,,,,,
2209,名声,,（无）,,,,,
2210,坏人,,va22no13,,,,,
2211,长辈,,thjə31py22,,,,,
2212,晚辈,,ho31thaŋ31,,,,,
2213,大人,,ljou44no13,,,,,
2214,老太太,,kau35pa13ko22,,,,,
2215,老头儿,,kau35kuŋ35ko22,,,,,
2216,青年男子,小伙子,ho44si44tʊ44,,,,,
2217,青年女子,姑娘,kwan35tya31mə22tʊ44,,,,,
2218,子孙,,tʊ22l̥ən44,,,,,
2219,独子,,tou31tʊ44,,,,,
2220,孤儿,,（无）,,,,,
2221,寡妇,,kwa22vy53,,,,,
2222,鳏夫,老而无妻的人,（无）,,,,,
2223,皇帝,,ŋ22tə53,,,,,
2224,官,,kʊ44,,,,,
2225,兵,,pən44,,,,,
2226,头人,寨老,tsha22lou31,,,,,
2227,民族自称,,iou13no13,,pou44no13,,,
2228,汉族,,kha31no13,,,,,
2229,牧童,,（无）,,,,,
2230,穷人,,kjaŋ13no13,,,,,
2231,富人,,fu53no13,,,,,
2232,懒汉,,lou31hu51,,,,,
2233,地主,,ti22tsʊ35,,,,,
2234,主人,,ʦʊ35ko44,,,,,
2235,医生,,（无）,,,,,
2236,老师,,l̥y44fu22,,,,,
2237,猎人,,（无）,,,,,
2238,船夫,,（无）,,,,,
2239,泥瓦匠,,ŋo31thyʊ22,,,,,
2240,石匠,,ɕy22thyʊ22,,,,,
2241,铁匠,,lo35thyʊ22,,,,,
2242,银匠,,ȵin31thyʊ22,,,,,
2243,骗子,,pjuŋ31tsuŋ44l̥an44,,,,,
2244,强盗,,ŋji31naŋ13thou31,,,,,
2245,土匪,,thu31fei31,,,,,
2246,生人,,sə44no13,,,,,
2247,熟人,,sjin31no13,,,,,
2248,同伴,,taŋ35puŋ22,,,,,
2249,老乡,,（无）,,,,,
2250,外国人,,vai31ky31no13,,,,,
2251,异乡人,,kha31no13,,,,,
2252,高个,,sən44,,,,,
2253,矮子,,ŋa22ty22,,,,,
2254,左撇子,,（无）,,,,,
2255,麻子,,ma13ty22,,,,,
2256,独眼龙,,（无）,,,,,
2257,结巴,,lən31tɕhy31,,,,,
2258,秃子,,phjo22ha22kho53,,,,,
2259,斜眼子,,tjo53kji53mo44,,,,,
2260,歪嘴子,,thjo53pə22ljo44,,,,,
2261,豁嘴子,,pa53pa22ljo44,,,,,
2262,瘫子,,（无）,,,,,
2263,祖宗,,tu22taŋ44,,,,,
2264,曾外祖父,,pə22kaŋ44,,,,,
2265,曾外祖母,,pə22pa13,,,,,
2266,曾祖父,,pə22kaŋ44,,,,,
2267,曾祖母,,pə22pa13,,,,,
2268,姐妹,,kau13mei22,,,,,
2269,大伯子,夫之兄,（无）,,,,,
2270,小叔子,夫之弟,（无）,,,,,
2271,小姑子,夫之妹,（无）,,,,,
2272,内兄,妻之兄,（无）,,,,,
2273,内弟,妻之弟,（无）,,,,,
2274,堂哥,,tuŋ13kʊ44tuŋ13tə31,,,,,
2275,堂弟,,tuŋ13tə22,,,,,
2276,堂姐,,tuŋ13ta22,,,,,
2277,堂妹,,tuŋ13mei22,,,,,
2278,大儿子,长子,（无）,,,,,
2279,小儿子,,man22tʊ44,,,,,
2280,大女儿,,（无）,,,,,
2281,小女儿,,man22tʊ44phə53,,,,,
2282,养子,,（无）,,,,,
2283,养女,,（无）,,,,,
2284,私生子,,（无）,,,,,
2285,侄女儿,,tɕhy22nei31,,,,,
2286,孙女儿,,l̥ən44tʊ44phə53,,,,,
2287,前妻,,（无）,,,,,
2288,后妻,,（无）,,,,,
2289,大老婆,,（无）,,,,,
2290,小老婆,,（无）,,,,,
2291,男情人,,ta22kjin44,,,,,
2292,女情人,,ta22kjin44,,,,,
2293,亲家,,thou31ko44,,,,,
2294,亲家公,,thou44ko44ia44,,,,,
2295,亲家母,,thou44ko35ŋja22,,,,,
2296,干爹,,kji53ia44,,,,,
2297,干妈,,kji53ŋja22,,,,,
2298,园子,菜地,vən13,,,,,
2299,粮食,,ljʊ35ɕy22,,,,,
2300,庄稼,,（无）,,,,,
2301,种子,,pən35,,,,,
2302,芽儿,,ŋo13,,,,,
2303,秧,,iu44,,,,,
2304,禾苗,,mjou13,,,,,
2305,谷仓,,pui22kə44ʊ31,,,,,
2306,蜜蜂房,,tuŋ31kən44ku44pu13,,,,,
2307,蜂箱,,tuŋ31kən44l̥iu44,,,,,
2308,耙,,po13,,,,,
2309,耙齿,,po13tɕhi31,,,,,
2310,犁铧,,lə13ha22kho53,,,,,
2311,铁锹,,tiu44,,,,,
2312,牛轭,,ŋu13o44ə53,,,,,
2313,牛鼻牶,穿过牛鼻子的绳索,（无）,,,,,
2314,粪箕,,（无）,,,,,
2315,谷箕,,（无）,,,,,
2316,背篓,,kə44laŋ31,,,,,
2317,薅锄,刮草用,tshu35tshou13,,,,,
2318,谷耙,晒谷时用来翻动谷粒的耙子,（无）,,,,,
2319,钉耙,一般用于抓取猪牛粪,l̥ə53tɕhi22,,,,,
2320,禾剪,剪谷穗用,kə22ty53,,,,,
2321,谷桶,打稻谷用,ku22thaŋ31,,,,,
2322,谷篓,囤积稻谷用，比一般筐篓大,（无）,,,,,
2323,风车,扬谷糠用,huŋ44tsho44,,,,,
2324,晒谷台,,（无）,,,,,
2325,晒谷坪,,sa53pui31pən13,,,,,
2326,棚子,瓜棚,khu22lui22ko53,,,,,
2327,水碾,,sui22ȵin22,,,,,
2328,棒槌,,paŋ53tui35,,,,,
2329,稻草人,,ŋei22ho13,,,,,
2330,粪,,fən53,,,,,
2331,肥料,,tjaŋ31liu22,,,,,
2332,选,～种子,kjə35,,,,,
2333,耙,～田,po13,,,,,
2334,撒,～种子,l̥o53,,,,,
2335,糊,～田埂,ly35,,,,,
2336,抽条,,tshou44tiu13,,,,,
2337,抽薹,,（无）,,,,,
2338,分蘖,,pu44tsho53,,,,,
2339,保,～苗,pou31,,,,,
2340,守,～庄稼,tiu31,,,,,
2341,收,～稻子,sou44,,,,,
2342,扬,～麦子,（无）,,,,,
2343,结,～果子,pi35,,,,,
2344,出,这儿～水果,tan35,,,,,
2345,碾,～米,nuŋ31,,,,,
2346,筛,～米,sa44,,,,,
2347,货,,tɕhy53,,,,,
2348,租,,tsu44,,,,,
2349,租谷,,tsu44pui31,,,,,
2350,雇佣,,（无）,,,,,
2351,银行,,ȵin13hɔŋ13,,,,,
2352,利息,,li31 sji13,,,,,
2353,交,～钱,ko44,,,,,
2354,买,～鱼,ŋjiu31,,,,,
2355,卖,～菜,mo31,,,,,
2356,赔偿,,kwa31,,,,,
2357,银元,铜洋,ta22jaŋ13,,,,,
2358,银子,,ŋjin13tei35,,,,,
2359,秤杆,,（无）,,,,,
2360,秤纽,,（无）,,,,,
2361,秤砣,,thyʊ13to13,,,,,
2362,秤星,,thyʊ13l̥ən44,,,,,
2363,教,～书,ko53,,,,,
2364,考,～学校,khou31,,,,,
2365,黑板,,hə13pan53,,,,,
2366,字,,nʊ31,,,,,
2367,纸,,tɕi35,,,,,
2368,书本,,nʊ31,,,,,
2369,笔,,py53,,,,,
2370,浆糊,,fu13ȵin13,,,,,
2371,图章,,tsʊ44,,,,,
2372,旗,,kji35,,,,,
2373,风俗,,（无）,,,,,
2374,歌,,l̥ə22,,,,,
2375,调子,唱的～,tiu53,,,,,
2376,歌堂,,l̥ə22tuŋ35,,,,,
2377,歌师,,l̥ə22l̥y44fu22,,,,,
2378,歌书,,l̥ə22nʊ31,,,,,
2379,戏,,hji53,,,,,
2380,鼓,,iou31,,,,,
2381,长鼓,,nou22iou31,,,,,
2382,锣,,lʊ13,,,,,
2383,钹,,tshu53,,,,,
2384,唢呐,,l̥o31na13,,,,,
2385,喇叭,,（无）,,,,,
2386,芦笙,,ljo31kun31,,,,,
2387,铃,,li13taŋ44,,,,,
2388,哨子,,sau53,,sau53ty22,,,
2389,球,,khjou35,,,,,
2390,陀螺,,ti22lei13,,,,,
2391,弹弓,,thaŋ13kuŋ44,,,,,
2392,相片,,l̥ju53,,,,,
2393,棋盘,,kji13pəŋ35,,,,,
2394,棋子,,kji13pi31,,,,,
2395,谜语,,tuŋ53ku22,,,,,
2396,翻筋斗,,fu44kən44tou22,,,,,
2397,荡秋千,,nuŋ13naŋ31,,,,,
2398,高跷,,thai35sən44tʊ35,,,,,
2399,打,～球,no53,,,,,
2400,踢,～球,thy53,,,,,
2401,弹,～琴,tʊ13,,,,,
2402,跳,～舞,thiu53,,,,,
2403,贴,～标语,ȵo44,,,,,
2404,投,～球,ta22,,,,,
2405,写,,l̥jo35,,,,,
2406,学,,sʊ13,,,,,
2407,游泳,,mə31tuŋ13,,,,,
2408,蘸,～墨水,tə35,,lu22,,,
2409,传说,名词,（无）,,,,,
2410,声音,,fu22hji53,,,,,
2411,汉话,,kha31li22,,,,,
2412,名堂,,mən13to13,,,,,
2413,国家,,ku22ko44,,,,,
2414,县,,hə22,,,,,
2415,竖,把东西～起来,sui31,,,,,
2416,竖,专指禽类羽毛立起,（无）,,,,,
2417,开,水～了，可以吃药了,mu35,,,,,
2418,褪,～色,thy53,,,,,
2419,靠拢,,khou53laŋ22,,,,,
2420,着,～火了,tshu22,,,,,
2421,冒,～烟,（无）,,,,,
2422,破,～篾,pho35,,,,,
2423,浮,～在水上,fu13,,,,,
2424,鼓,～起肚子,ku22,,,,,
2425,凹下,,my53,,,,,
2426,盘,把辫子～在头上,puŋ13,,,,,
2427,焙,把谷子～干,（无）,,,,,
2428,接,把两根绳子～起来,ty53,,,,,
2429,放,把鸟～了,tsaŋ35,,,,,
2430,摆,桌上～着许多东西,pa31,,,,,
2431,封,把信～好,faŋ44,,,,,
2432,翻,把衣服～过来穿,̊fʊ44,,,,,
2433,漏,房子～雨,l̥au35,,,,,
2434,把,给婴儿～屎,（无）,,,,,
2435,跟,孩子～着妈妈,la44,,,,,
2436,飘,红旗～,phiu44,,,,,
2437,晒,人～太阳,sa53,,,,,
2438,散,人都～了,l̥ʊ53,,,,,
2439,崩,山～了,mo44,,,,,
2440,缠,蛇～树,tɕhə31,,,,,
2441,蜕,蛇～皮,thy53,,,,,
2442,下,太阳～山,puŋ44,,,,,
2443,砸,碗～破了,（无）,,,,,
2444,叮,蚊子～人,təŋ44,,,,,
2445,用,我～铅笔,tshun35,,,,,
2446,闹,小孩～,tshau31,,,,,
2447,游,鸭子在河里～,（无）,,,,,
2448,夹,腋下～着一本书,iu35,,,,,
2449,砸,用锤～石头,tui13,,,,,
2450,照,用灯～,tɕiou53,,,,,
2451,映射,专指光线照眼,tɕiou53,,,,,
2452,剜,用尖刀～,（无）,,,,,
2453,撑,用木头～住,tɕhə53,,,,,
2454,按,用手～住,thjiou53,,,,,
2455,捧,用手～起来,phuŋ35,,,,,
2456,冲,用水～,tshaŋ44,,,,,
2457,钻,用钻子～洞,tuŋ53,,,,,
2458,拱,猪～土,tshau53,,,,,
2459,挨,～打,ŋei13,,,,,
2460,挨,～近,ai44,,,,,
2461,安,～抽水机,ʊ44,,,,,
2462,霸占,,（无）,,,,,
2463,摆,动物摇尾,ŋou13,,,,,
2464,簸,～米,puŋ31,,,,,
2465,搬,～凳子,puŋ13,,,,,
2466,搬,～家,puŋ13,,,,,
2467,拌,～农药,lau44a31,,,,,
2468,帮助,,paŋ44,,,,,
2469,包,～药,l̥ə22,,,,,
2470,背,～书,py22,,,,,
2471,逼,～他交出来,pi13,,,,,
2472,编,～辫子,ky53,,,,,
2473,编,～篮子,han44,,,,,
2474,变,,pə53,,,,,
2475,剥,～牛皮,pə31,,le33,,,
2476,补,～锅,pu35,,pu53,,,
2477,补,～衣服,tshu31,,,,,
2478,缺,～了口子,pa53,,,,,
2479,裁,～衣服,tha13huŋ13,,,,,
2480,查,～账,tsho13,,,,,
2481,尝,～味道,sʊ13,,,,,
2482,炒,,tshou35,,,,,
2483,车,～水,tsho44,,,,,
2484,沉,,tɕhin31,,,,,
2485,舂,～米,tei31,,,,,
2486,抽,～出刀来,tsho35,,,,,
2487,出,～汗,tən35,,,,,
2488,锄,～草,tshʊ35,,,,,
2489,穿,～鞋,tə31,,,,,
2490,穿,～针,thjaŋ44,,,,,
2491,吹,～喇叭,phy44,,,,,
2492,捶,～衣服,tui13,,,,,
2493,搓,～绳子,nu44,,,,,
2494,乘凉,,su35liu13,,,,,
2495,搭,～车,ta13,,,,,
2496,搭,～棚子,no53,,,,,
2497,打,～枪,tsaŋ53,,,,,
2498,打扮,,to31pu53,,,,,
2499,打倒,,no53kuaŋ31,,,,,
2500,打赌,,tu22,,,,,
2501,打猎,,khuŋ35pə44,,khuŋ13ŋje33,,,
2502,打仗,,no53ʨhin22,,,,,
2503,打胎,,no53ta44,,,,,
2504,带,～孩子,tjaŋ44,,,,,
2505,带,～钱,tə13,,,,,
2506,戴,～帽子,nuŋ35,,,,,
2507,戴,～手镯,nuŋ35,,,,,
2508,戴,～项圈,nuŋ35,,,,,
2509,弹,～棉花,tʊ13,,,,,
2510,当,～兵,tuŋ44,,,,,
2511,挡,～风,taŋ31,,,,,
2512,倒,墙～了,kuaŋ31,,,,,
2513,倒,把水～掉,phy53,,,,,
2514,倒,～过来,tou53,,,,,
2515,到,～了家,tən31,,,,,
2516,等,～人,tiu31,,,,,
2517,低,～头,tə22,,,,,
2518,点,～头,（无）,,,,,
2519,垫,～桌子,thu53,,,,,
2520,颠腿,一坐下来就～,（无）,,,,,
2521,叼,狗～肉,tiu44,,,,,
2522,吊,～在梁上,tiu53,,,,,
2523,钓,～鱼,tiu53,,,,,
2524,跌倒,,kwaŋ22ko44ty22 ,,,,,
2525,叠,～被子,tɕy53,,,,,
2526,钉,～钉子,tən44,,,,,
2527,动,,taŋ31,,,,,
2528,震动,,（无）,,,,,
2529,读,～书,to31,,,,,
2530,堵,～漏洞,l̥a53,,,,,
2531,赌,～钱,tu22,,,,,
2532,断,专用于线绳之类,kən53,,,,,
2533,断,专用于长条硬物,kən44,,,,,
2534,堆,～稻草,ty44,,,,,
2535,对,～笔迹,ty53,,,,,
2536,炖,～鸡,tən22,,,,,
2537,夺,,thjo35,,,,,
2538,跺,～脚,tən53,,,,,
2539,发,～信,（无）,,,,,
2540,发芽,,fo35,,,,,
2541,发脾气,,fo53pi35hji53,,,,,
2542,罚款,,fo13khwan31,,,,,
2543,翻,～身,fu44,,,,,
2544,防,～野猪,huŋ35,,,,,
2545,纺,～棉花,fjuŋ31,,,,,
2546,放,～田水,tsaŋ35,,,,,
2547,放,～盐,tsou35,,,,,
2548,飞,,ŋji35,,,,,
2549,分,～粮食,pu44,,,,,
2550,缝,～衣服,ȵiou31,,,,,
2551,敷,～药,（无）,,,,,
2552,伏,～在桌子上,fu13,,,,,
2553,扶,～起来,sji44,,,,,
2554,扶,～着栏杆走,phan44,,,,,
2555,赶,～鸟,khuŋ35,,,,,
2556,割,～肉,lə53,,,,,
2557,钩,,ko44,,,,,
2558,刮,～掉毛,kun31,,,,,
2559,挂,～在墙上,ko53,,,,,
2560,关,～门,kʊ44,,,,,
2561,灌,～水,（无）,,,,,
2562,跪,,kui31,,,,,
2563,埋伏,,（无）,,,,,
2564,滚,,lin44,,,,,
2565,过,～河,ko35,,,,,
2566,硌,～脚,luŋ31,,,,,
2567,还,～帐,kwa31,,,,,
2568,还手,,kwa31thou31,,,,,
2569,喊,～人开会,khu35,,,,,
2570,焊,～管子,hu22,,,,,
2571,烘,～衣服,ti35,,,,,
2572,划,～船,tɕhjə44,,,,,
2573,换,,thiu31,,,,,
2574,回,～家,lu31,,,,,
2575,回,～头,thun31,,,,,
2576,回音,,fjy13in44,,,,,
2577,挤,～过去,ə53,,,,,
2578,挤,～奶,ȵin35,,,,,
2579,加,,ko44,,,,,
2580,剪,,tuŋ31,,,,,
2581,浇,～水,lin13,,,,,
2582,搅,,lau44,,,,,
2583,揭,～锅盖,tɕy53,,,,,
2584,借,～钱,ka31,,,,,
2585,进,～屋,puŋ31,,,,,
2586,敬,～酒,kjin53,,,,,
2587,揪,～住,tsho35,,,,,
2588,卷,～布,kyə35,,,,,
2589,开,～花,kha44,,,,,
2590,抹,～灰,saŋ35,,,,,
2591,看见,,maŋ35tshu22,,,,,
2592,烤,～干衣服,ti35,,,,,
2593,烤,～火,mə31,,,,,
2594,靠,～墙,pən31,,,,,
2595,刻,用刀～,tiu44,,,,,
2596,啃,～骨头,ŋja53,,,,,
2597,抠,用手指挖,lo44,,,,,
2598,跨,～一步,kjo22,,,,,
2599,拉,～绳子,sji44,,,,,
2600,来,,to13,,,,,
2601,拦,～住,lou13,,lɔŋ13,,,
2602,粘,～住了,ȵio44,,,,,
2603,离开,,li13kha44,,,,,
2604,量,～布,lju13,,,,,
2605,晾,～衣服,luŋ44,,,,,
2606,留,～种子,tin35,,,,,
2607,流,～水,lui31,,,,,
2608,搂,～在怀里,pou35,,,,,
2609,落,～下来,puŋ44,,,,,
2610,眯,～眼,mi44,,,,,
2611,瞄,～准,miu13,,,,,
2612,摸,～鱼,mja31,,,,,
2613,磨,～刀,hau31,,,,,
2614,磨,～面,my22,,,,,
2615,拈,～一块糖,（无）,,,,,
2616,捏,～手,ȵin25,,,,,
2617,沤,～烂了,o53,,,,,
2618,爬,～山,（无）,,,,,
2619,爬,～树,pjo13,,,,,
2620,拍,～桌子,phə53,,,,,
2621,排,～队,pa13,,,,,
2622,刨,用刨子～光一点,po31,,,,,
2623,刨,动物用前趾挖掘，如～土,（无）,,,,,
2624,泡,～饭,iou35,,,,,
2625,泡,～衣服,tso35,,,,,
2626,陪,～客人,py13,,,,,
2627,喷,～水,phən53,,,,,
2628,碰,～桌子,thən22,,,,,
2629,劈,～柴,pho35,,,,,
2630,泼,～水,phy53,,,,,
2631,破,～肚子,pho35,,,,,
2632,铺,～被子,phy44,,,,,
2633,骑,～马,kji13,,,,,
2634,起来,,ka31to13,,,,,
2635,牵,～牛,sji44,,,,,
2636,抢,,thju35,,,,,
2637,敲,～门,khou44,,,,,
2638,切,～菜,thy53,,,,,
2639,亲,～小孩,puŋ31pu35,,,,,
2640,去,,ŋ31,,,,,
2641,劝,,khye53,,,,,
2642,染,～布,nuŋ31,,,,,
2643,绕,～弯儿,thun31,,,,,
2644,热,～一下再吃,ŋo35khu44,,,,,
2645,洒,～水,l̥o53,,,,,
2646,杀,～人,to35,,to53,,,
2647,撒娇,,tsuŋ44nən31,,,,,
2648,晒,～衣服,sa53,,,,,
2649,扇,～风,sə44,,,,,
2650,伤,～了手,sʊ44,,,,,
2651,上,～楼,ly35,,,,,
2652,烧,～茶,thau44,,,,,
2653,烧,～山,thou31,,,,,
2654,射,～箭,（无）,,,,,
2655,伸,～懒腰,pə44,,ȵou33,,,
2656,生,～疮,sə44,,,,,
2657,收,～信,sou44,,,,,
2658,收拾,～房子,（无）,,,,,
2659,数,～数目,l̥uŋ53,,,,,
2660,漱,～口,luŋ53,,,,,
2661,甩,～手榴弹,kwə53,,,,,
2662,闩,～门,tə44,,,,,
2663,睡着,,pui35lʊ44,,,,,
2664,送,～他回去,l̥aŋ35,,,,,
2665,搜,～山,l̥o44,,,,,
2666,锁,～箱子,l̥u35,,,,,
2667,塌,～下去,mo35,,,,,
2668,踏,～上一只脚,thei35,,thei53,,,
2669,淌,～眼泪,tən35,,,,,
2670,躺,～在床上,thaŋ31,,,,,
2671,掏,～出来,po35,,lo33,,,
2672,淘,～米,tei31,,,,,
2673,套,～上一件衣服,thou53,,,,,
2674,剃,～头,thə35,,,,,
2675,填,～坑,tə13,,,,,
2676,停,,tən13,,,,,
2677,通,,thaŋ44,,,,,
2678,偷,,ȵi22,,,,,
2679,退,,thy53,,,,,
2680,吞,,in53,,,,,
2681,拖,～木头,thʊ44,,,,,
2682,脱,～鞋,thy53,,,,,
2683,贪污,,（无）,,,,,
2684,挖,～地,tshou13,,vo53,,,
2685,煨,～红薯,vei44,,,,,
2686,围,～敌人,vji13,,,,,
2687,问,,no22,,,,,
2688,握,～手,（无）,,,,,
2689,捂,～着嘴,l̥a53,,,,,
2690,熄,～灯,kʊ44,,,,,
2691,洗,～碗,tei31,,,,,
2692,下,～楼,ŋa31,,,,,
2693,吓唬,,kwa44,,,,,
2694,掀,～开帘子,tsho35,,tsho53,,,
2695,陷,～下去,mə53,,,,,
2696,醒,,l̥əŋ35,,,,,
2697,笑,,tiu53,,,,,
2698,笑眯眯,,mi44mi44tjou53,,,,,
2699,修,～机器,l̥iu44,,,,,
2700,绣,～花,thiu44,,,,,
2701,淹,～死,in53,,,,,
2702,养,～鱼,l̥ou22,,,,,
2703,摇,～头,ŋou13,,iu13,,,
2704,摇摇晃晃,,iu13iu13jaŋ31jaŋ31,,,,,
2705,栽,～树,ti31,,,,,
2706,攒,～钱,thui31,,,,,
2707,造谣,,tsau13iau13,,,,,
2708,凿,,thʊ31,,,,,
2709,扎,用针～,（无）,,,,,
2710,扎猛子,,tən53tɔŋ13,,,,,
2711,轧,～棉花,（无）,,,,,
2712,榨,～油,tso53,,,,,
2713,摘,～下帽子,thy53,,,,,
2714,招,～手,tɕiu44,,,,,
2715,照,～镜子,tɕiu53,,,,,
2716,争,,tsə44,,,,,
2717,织,～布,hən44,,,,,
2718,指,～方向,tɕi31,,,,,
2719,拄,～拐棍,tɕhə53,,,,,
2720,转,～动,tsaŋ31,,,,,
2721,装,～粮食,tsuŋ44,,,,,
2722,捉,～鸡,vy22,,,,,
2723,挖,～洞,vo53,,lo33,,,
2724,灭,火～了,ku44,,,,,
2725,燃,火～了,nu53,,,,,
2726,啄,鸡～米,tyan44,,,,,
2727,觅食,扁嘴禽类动物在河塘里觅食,li44,,,,,
2728,扑,老虎～羊,thən31,,,,,
2729,钻,老鼠～洞,lui44,,,,,
2730,蛰,马蜂～人,təŋ44,,,,,
2731,接,你扔，我～,ty53,,,,,
2732,蹭,牛在树上～,tho53,,,,,
2733,熏,烟～眼,in44,,,,,
2734,呛,辣椒味儿～鼻子,thiu35,,,,,
2735,扭,脚～了,liou35,,,,,
2736,嗑,～瓜子,（无）,,,,,
2737,吹,～口哨,phy44,,,,,
2738,打嗝,连续不断地发出～声音,y53,,,,,
2739,抚摸,～孩子的头,mja31,,,,,
2740,甩,把蔬菜上的水～掉,tha53,,,,,
2741,化,雪～了,fo53,,,,,
2742,消,肿～了,l̥iu44,,,,,
2743,祝酒,,（无）,,,,,
2744,气,别～我,hji53,,,,,
2745,要,我～去北京,ei53,,,,,
2746,传,一代～一代,tshun13,,,,,
2747,爱,～她,ei53,,,,,
2748,败,,pa22,,,,,
2749,迸,～出来了,pjuŋ53,,,,,
2750,比,,pi22,,,,,
2751,馋,～嘴,hou53,,,,,
2752,催,～促,phy44,,,,,
2753,代替,,thə53,,,,,
2754,得到,,ta35tən31,,,,,
2755,带,～路,tjaŋ44,,,,,
2756,赌气,,tu31hji53,,,,,
2757,懂,～事,taŋ31,,,,,
2758,犯,～法,fʊ22,,,,,
2759,分,～家,pʊ44,,,,,
2760,改,,kai31,,,,,
2761,管,～事情,kuŋ35,,,,,
2762,恨,,hən31,,,,,
2763,减,,khɔŋ35,,,,,
2764,救,～命,kjiu53,,,,,
2765,开,～会,kha44,,,,,
2766,开始,,ka31kou44,,,,,
2767,赖,～我,la22,,,,,
2768,理睬,,li31,,,,,
2769,练,～武艺,nə22,,,,,
2770,搞,～坏了,kau31,,,,,
2771,请,,thən35,,,,,
2772,求,～人帮忙,kjiu13,,,,,
2773,舍,～不得,so35,,,,,
2774,剩,～下,sən31,,,,,
2775,试试,,sji53,,,,,
2776,算,～账,l̥uŋ53,,,,,
2777,讨饭,,l̥o35,,l̥o35,,,
2778,听见,,ta35naŋ31,,,,,
2779,信,相～,l̥in53,,,,,
2780,赢,,hən13,,,,,
2781,遇见,,nou44tshu22,,,,,
2782,长,～大,（无）,,,,,
2783,值得,,tə35ta35,,,,,
2784,住,～在哪儿,njaŋ44,,,,,
2785,做,～事情,ŋo35,,,,,
2786,敢,,kɔŋ35,,,,,
2787,称赞,,（无）,,,,,
2788,讽刺,,（无）,,,,,
2789,答应,,ta13ən53,,,,,
2790,道理,,tou22li31,,,,,
2791,告状,,kou53tshuŋ31,,,,,
2792,哼,呻吟,lə44,,,,,
2793,唤,～狗,khʊ35,,,,,
2794,叫,牛～、鸟～,ku31,,,,,
2795,叫,狗向熟人摇尾乞怜的叫,ku31,,,,,
2796,叫,公鸡啼叫,ko35,,,,,
2797,叫,母鸡下蛋的叫,ku31,,,,,
2798,谎话,,kwa44no13kə22li22,,,,,
2799,耳语,,l̥y44l̥y44li22,,,,,
2800,笑话,,tiu53li22,,,,,
2801,美,风景～,sai53,,,,,
2802,正,不歪,tsən53,,,,,
2803,偏,,phə44,,,,,
2804,斜,,thjo53,,,,,
2805,横,,vjə13,,,,,
2806,弱,,ȵo13,,,,,
2807,粘,,njo44,,,,,
2808,凉快,,ljou13khua53,,,,,
2809,烫,～手,lən44,,,,,
2810,胀,肚子～,tyʊ53,,,,,
2811,涩,,ky53,,,,,
2812,生,瓜～的,sə44,,,,,
2813,熟,饭～,sjin31,,,,,
2814,蔫,晒～了,lə35,,,,,
2815,新鲜,,l̥in44l̥ə44,,,,,
2816,活,相对于死,sə44,,,,,
2817,麻,手～,ma13,,,,,
2818,暗,,pja53,,,,,
2819,清楚,,thən44thu22,,,,,
2820,花,～衣服,pən13,,,,,
2821,嫩,,nən31,,,,,
2822,饱,,tsu35,,,,,
2823,脆,形容词,thy53,,,,,
2824,浓,～茶,njaŋ35,,,,,
2825,淡,～茶,tʊ22,,,,,
2826,臊,,l̥ou44,,,,,
2827,膻,羊～,l̥ou44,,,,,
2828,够,,ko53,,,,,
2829,破,竹竿～了,pho13,,,,,
2830,霉,衣服～,my13,,,,,
2831,糟,衣服太旧而变得不结实了,（无）,,,,,
2832,腐朽,,（无）,,,,,
2833,困,倦,na53,,,,,
2834,空,,khaŋ44,,,,,
2835,满,,puŋ13,,,,,
2836,烦闷,,fan13,,,,,
2837,闷热,,mən53,,,,,
2838,齐,,thjə35,,,,,
2839,乱,,luŋ31,,,,,
2840,乱七八糟,,（无）,,,,,
2841,蓬乱,头发～,phuŋ44,,,,,
2842,披头散发的,,（无）,,,,,
2843,秃,,phji31,,,,,
2844,顺,,sun22,,,,,
2845,滑,,ŋɔ53,,,,,
2846,慌,,huŋ44,,,,,
2847,嘶哑,,（无）,,,,,
2848,真,,tɕin44,,,,,
2849,假,,ko22,,,,,
2850,输,,sui44,,,,,
2851,醉,～酒,hɔŋ44,,,,,
2852,合,衣服～身,hu13,,,,,
2853,松,～软,l̥aŋ44,,,,,
2854,好看,,sei53,,,,,
2855,难看,,tsa22maŋ35,,ŋ13ŋ35maŋ35,,,
2856,响,,mu35,,,,,
2857,安静,,thən44thə44,,,,,
2858,像,相～,thyʊ31,,,,,
2859,成,做～了,tiŋ13,,,,,
2860,尽,好话说～,thin31,,,,,
2861,可怜,,kho44lə31,,,,,
2862,辛苦,,l̥in44khu31,,,,,
2863,蠢,,tshun22,,,,,
2864,聪明,,kua44,,,,,
2865,恶,,io22,,,,,
2866,善,,（无）,,,,,
2867,狠毒,,hən31tu13,,,,,
2868,机灵,,kua44khjou31,,,,,
2869,急,,ky53,,,,,
2870,狡猾,,kjau31fʊ31,,,,,
2871,客气,,kha31hji53,,,,,
2872,巧,,khjiou22,,,,,
2873,习惯,,（无）,,,,,
2874,十一,,ɕy22y53,,sə22y53,,,
2875,十二,,sə22nji22,,,,,
2876,十三,,sə22l̥u44,,,,,
2877,十四,,sə22l̥ai53,,,,,
2878,十五,,sən22ŋ31,,,,,
2879,十六,,sə22ly31,,,,,
2880,十七,,sə22tha53,,,,,
2881,十八,,sə22po53,,,,,
2882,十九,,sə22kjiu35,,,,,
2883,四十,,l̥ei53ɕy53,,,,,
2884,五十,,ŋ31ɕy22,,,,,
2885,六十,,ly22ɕy22,,,,,
2886,七十,,tha53ɕy22,,,,,
2887,八十,,po53ɕy22,,,,,
2888,九十,,kjiu35ɕy22,,,,,
2889,千,,thə44,,,,,
2890,万,,vu22,,,,,
2891,零,2-2=0,ləŋ31,,,,,
2892,一百零一,,iə22pə53ləŋ31iə22,,,,,
2893,三千零五十,,l̥u44thə44ləŋ22ŋ31ɕy22,,,,,
2894,第二,,tə22ŋji22,,,,,
2895,第三,,tə22l̥u44,,,,,
2896,第十,,tə22ɕy22,,,,,
2897,第十一,,sə22y53,,,,,
2898,甲,天干第一,（无）,,,,,
2899,乙,天干第二,（无）,,,,,
2900,丙,天干第三,（无）,,,,,
2901,丁,天干第四,（无）,,,,,
2902,戊,天干第五,（无）,,,,,
2903,己,天干第六,（无）,,,,,
2904,庚,天干第七,（无）,,,,,
2905,辛,天干第八,（无）,,,,,
2906,壬,天干第九,（无）,,,,,
2907,癸,天干第十,（无）,,,,,
2908,第末,,（无）,,,,,
2909,单,不成双,tʊ44,,,,,
2910,双,成～成对,suŋ44,,,,,
2911,大半,～个,（无）,,,,,
2912,半斤,,nən31kaŋ44,,,,,
2913,个,一～月,（无）,,,,,
2914,只,专用于计量成对的东西之一，如一～鞋,phə35,,,,,
2915,把,一～韭菜,po35,,,,,
2916,把,一～米,（无）,,,,,
2917,把,一～扫帚,po35,,,,,
2918,缕,一～线,（无）,,,,,
2919,包,一～东西,l̥ə31,,,,,
2920,串,一～辣椒,tshʊ53,,tɕhi53,,pjuŋ31,
2921,代,一～人,ta22,,,,,
2922,担,一～行李,tʊ53,,,,,
2923,滴,一～油,tə53,,,,,
2924,点,一～钟,tə35,,,,,
2925,蔸,一～禾,kou44,,,,,
2926,段,一～路,laŋ53,,,,,
2927,堆,一～粪,ty44,,,,,
2928,丛,一～草,thaŋ31,,,,,
2929,对,一～兔子,ty53,,,,,
2930,双,一～手,suŋ44,,,,,
2931,窝,一～猪,pou31,,,,,
2932,封,一～信,faŋ44,,,,,
2933,根,一～扁担,tiu13,,,,,
2934,间,一～房,laŋ53,,,,,
2935,件,一～衣,ləŋ35,,,,,
2936,丈,一～,tjo31,,,,,
2937,尺,一～,tɕhy53,,,,,
2938,寸,一～,thən53,,,,,
2939,分,一～钱,fən44,,,,,
2940,庹,成人两臂左右平伸时两手之间的距离,phai22,,kwe13,,,
2941,拃,张开的大拇指和中指或小指两端间的距离,kjo22,,tsho33,,,
2942,里,一～,li22,,,,,
2943,斤,一～酒,kaŋ44,,,,,
2944,两,一～酒,ljou13,,,,,
2945,钱,一～银子,thə13,,,,,
2946,亩,一～,mu22,,,,,
2947,分,一～地,fən44,,,,,
2948,句,一～话,tjaŋ44,,,,,
2949,张,一～纸,tyʊ44,,,,,
2950,片,一～树叶,tɕhi22,,,,,
2951,瓣,一～柑子，二～花瓣,man31,,,,,
2952,块,一～地,tjaŋ31,,,,,
2953,块,一～石头,tɕhi22,,,,,
2954,面,一～旗,mə22,,,,,
2955,年,一～,tjuŋ35,,,,,
2956,岁,一～,l̥y53,,,,,
2957,天,一～,no44,,,,,
2958,夜,一～,io53,,,,,
2959,阵,一～风,（无）,,,,,
2960,群,一～羊,fjy35,,,,,
2961,筒,一～米,taŋ31,,,,,
2962,升,一～米,（无）,,,,,
2963,斗,一～米,to35,,to53,,,
2964,桶,一～水,thuŋ53,,,,,
2965,碗,一～饭,faŋ44,,,,,
2966,瓶,一～酒,pən13,,,,,
2967,首,一～歌,tiu13,,,,,
2968,本,一～书,pən35,,,,,
2969,层,一～楼,thən35,,thən53,,,
2970,层,软物的层次，如一～布,thən35,,,,,
2971,级,一～台阶,thən13,,,,,
2972,盏,一～灯,tsʊ22,,,,,
2973,泡,一～尿,ty44,,,,,
2974,样,一～东西,iu22,,,,,
2975,遍,说一～,tou53,,,,,
2976,回,来一～,tou53,,,,,
2977,次,去一～,tou53,,thou53,,,
2978,脚,踢一～,tʊ35,,,,,
2979,口,咬一～,lau35,,,,,
2980,我俩,,pou44u44lʊ13no13,,,,,
2981,你俩,,mə13u44lʊ13no13,,,,,
2982,他俩,,nən31no13u44lʊ13no13,,,,,
2983,这,,lʊ44no31,,,,,
2984,这边,,phə35no31,,,,,
2985,这些,,nə22no31,,,,,
2986,那,较远指,ty44ȵi22,,,,,
2987,那,最远指,tsui53ky44,,,,,
2988,那边,,phə35ȵi22,,,,,
2989,那些,,nə22ȵi31,,,,,
2990,光,～说不行,kuaŋ44,,,,,
2991,全,～是我们的,thun13,,,,,
2992,一定,～去,təŋ22,,,,,
2993,真,～好,tɕin44,,,,,
2994,先,你～走,l̥u44,,,,,
2995,把,～猪卖了,ty53,,,,,
2996,被,～同志们挡住了,tshu31,,,,,
2997,比,～月亮大,pi22,,,,,
2998,给,～他写信,haŋ44,,,,,
2999,从,,ty53,,,,,
3000,在,,ȵaŋ44,,,,,
